Laikas;Rodiklis;Teritorija;reikšmė
2008-01-01 00:00:00;bedarbių proc. nuo DAG;ŠALYJE;3.8
2008-02-01 00:00:00;bedarbių proc. nuo DAG;ŠALYJE;3.9
2008-03-01 00:00:00;bedarbių proc. nuo DAG;ŠALYJE;3.8
2008-04-01 00:00:00;bedarbių proc. nuo DAG;ŠALYJE;3.6
2008-05-01 00:00:00;bedarbių proc. nuo DAG;ŠALYJE;3.4
2008-06-01 00:00:00;bedarbių proc. nuo DAG;ŠALYJE;3.3
2008-07-01 00:00:00;bedarbių proc. nuo DAG;ŠALYJE;3.5
2008-08-01 00:00:00;bedarbių proc. nuo DAG;ŠALYJE;3.6
2008-09-01 00:00:00;bedarbių proc. nuo DAG;ŠALYJE;3.3
2008-10-01 00:00:00;bedarbių proc. nuo DAG;ŠALYJE;3.4
2008-11-01 00:00:00;bedarbių proc. nuo DAG;ŠALYJE;3.9
2008-12-01 00:00:00;bedarbių proc. nuo DAG;ŠALYJE;4.8
2009-01-01 00:00:00;bedarbių proc. nuo DAG;ŠALYJE;6.3
2009-02-01 00:00:00;bedarbių proc. nuo DAG;ŠALYJE;7.7
2009-03-01 00:00:00;bedarbių proc. nuo DAG;ŠALYJE;8.8
2009-04-01 00:00:00;bedarbių proc. nuo DAG;ŠALYJE;9.4
2009-05-01 00:00:00;bedarbių proc. nuo DAG;ŠALYJE;9.7
2009-06-01 00:00:00;bedarbių proc. nuo DAG;ŠALYJE;10
2009-07-01 00:00:00;bedarbių proc. nuo DAG;ŠALYJE;10.5
2009-08-01 00:00:00;bedarbių proc. nuo DAG;ŠALYJE;11
2009-09-01 00:00:00;bedarbių proc. nuo DAG;ŠALYJE;11.2
2009-10-01 00:00:00;bedarbių proc. nuo DAG;ŠALYJE;11.8
2009-11-01 00:00:00;bedarbių proc. nuo DAG;ŠALYJE;12.6
2009-12-01 00:00:00;bedarbių proc. nuo DAG;ŠALYJE;13.5
2010-01-01 00:00:00;bedarbių proc. nuo DAG;ŠALYJE;14.6
2010-02-01 00:00:00;bedarbių proc. nuo DAG;ŠALYJE;15.3
2010-03-01 00:00:00;bedarbių proc. nuo DAG;ŠALYJE;15.6
2010-04-01 00:00:00;bedarbių proc. nuo DAG;ŠALYJE;16.5
2010-05-01 00:00:00;bedarbių proc. nuo DAG;ŠALYJE;16.5
2010-06-01 00:00:00;bedarbių proc. nuo DAG;ŠALYJE;16.5
2010-07-01 00:00:00;bedarbių proc. nuo DAG;ŠALYJE;16.8
2010-08-01 00:00:00;bedarbių proc. nuo DAG;ŠALYJE;16.3
2010-09-01 00:00:00;bedarbių proc. nuo DAG;ŠALYJE;15.8
2010-10-01 00:00:00;bedarbių proc. nuo DAG;ŠALYJE;15.6
2010-11-01 00:00:00;bedarbių proc. nuo DAG;ŠALYJE;15.3
2010-12-01 00:00:00;bedarbių proc. nuo DAG;ŠALYJE;15.9
2011-01-01 00:00:00;bedarbių proc. nuo DAG;ŠALYJE;16.5
2011-02-01 00:00:00;bedarbių proc. nuo DAG;ŠALYJE;16.2
2011-03-01 00:00:00;bedarbių proc. nuo DAG;ŠALYJE;15.5
2011-04-01 00:00:00;bedarbių proc. nuo DAG;ŠALYJE;14.2
2011-05-01 00:00:00;bedarbių proc. nuo DAG;ŠALYJE;12.9
2011-06-01 00:00:00;bedarbių proc. nuo DAG;ŠALYJE;12
2011-07-01 00:00:00;bedarbių proc. nuo DAG;ŠALYJE;12.1
2011-08-01 00:00:00;bedarbių proc. nuo DAG;ŠALYJE;11.7
2011-09-01 00:00:00;bedarbių proc. nuo DAG;ŠALYJE;11.3
2011-10-01 00:00:00;bedarbių proc. nuo DAG;ŠALYJE;11.2
2011-11-01 00:00:00;bedarbių proc. nuo DAG;ŠALYJE;11.2
2011-12-01 00:00:00;bedarbių proc. nuo DAG;ŠALYJE;12
2012-01-01 00:00:00;bedarbių proc. nuo DAG;ŠALYJE;12.9
2012-02-01 00:00:00;bedarbių proc. nuo DAG;ŠALYJE;13.1
2012-03-01 00:00:00;bedarbių proc. nuo DAG;ŠALYJE;13.2
2012-04-01 00:00:00;bedarbių proc. nuo DAG;ŠALYJE;12.4
2012-05-01 00:00:00;bedarbių proc. nuo DAG;ŠALYJE;11.4
2012-06-01 00:00:00;bedarbių proc. nuo DAG;ŠALYJE;11.3
2012-07-01 00:00:00;bedarbių proc. nuo DAG;ŠALYJE;11.3
2012-08-01 00:00:00;bedarbių proc. nuo DAG;ŠALYJE;11.1
2012-09-01 00:00:00;bedarbių proc. nuo DAG;ŠALYJE;10.9
2012-10-01 00:00:00;bedarbių proc. nuo DAG;ŠALYJE;10.6
2012-11-01 00:00:00;bedarbių proc. nuo DAG;ŠALYJE;11
2012-12-01 00:00:00;bedarbių proc. nuo DAG;ŠALYJE;11.4
2013-01-01 00:00:00;bedarbių proc. nuo DAG;ŠALYJE;12.3
2013-02-01 00:00:00;bedarbių proc. nuo DAG;ŠALYJE;12.4
2013-03-01 00:00:00;bedarbių proc. nuo DAG;ŠALYJE;12.4
2013-04-01 00:00:00;bedarbių proc. nuo DAG;ŠALYJE;11.5
2013-05-01 00:00:00;bedarbių proc. nuo DAG;ŠALYJE;10.4
2013-06-01 00:00:00;bedarbių proc. nuo DAG;ŠALYJE;10.2
2013-07-01 00:00:00;bedarbių proc. nuo DAG;ŠALYJE;10.1
2013-08-01 00:00:00;bedarbių proc. nuo DAG;ŠALYJE;10.4
2013-09-01 00:00:00;bedarbių proc. nuo DAG;ŠALYJE;9.9
2013-10-01 00:00:00;bedarbių proc. nuo DAG;ŠALYJE;9.9
2013-11-01 00:00:00;bedarbių proc. nuo DAG;ŠALYJE;10.5
2013-12-01 00:00:00;bedarbių proc. nuo DAG;ŠALYJE;11.1
2014-01-01 00:00:00;bedarbių proc. nuo DAG;ŠALYJE;11.5
2014-02-01 00:00:00;bedarbių proc. nuo DAG;ŠALYJE;11.4
2014-03-01 00:00:00;bedarbių proc. nuo DAG;ŠALYJE;10.8
2014-04-01 00:00:00;bedarbių proc. nuo DAG;ŠALYJE;9.8
2014-05-01 00:00:00;bedarbių proc. nuo DAG;ŠALYJE;9.2
2014-06-01 00:00:00;bedarbių proc. nuo DAG;ŠALYJE;8.6
2014-07-01 00:00:00;bedarbių proc. nuo DAG;ŠALYJE;8.8
2014-08-01 00:00:00;bedarbių proc. nuo DAG;ŠALYJE;8.9
2014-09-01 00:00:00;bedarbių proc. nuo DAG;ŠALYJE;8.4
2014-10-01 00:00:00;bedarbių proc. nuo DAG;ŠALYJE;8.3
2014-11-01 00:00:00;bedarbių proc. nuo DAG;ŠALYJE;8.8
2014-12-01 00:00:00;bedarbių proc. nuo DAG;ŠALYJE;9.3
2015-01-01 00:00:00;bedarbių proc. nuo DAG;ŠALYJE;9.6
2015-02-01 00:00:00;bedarbių proc. nuo DAG;ŠALYJE;9.6
2015-03-01 00:00:00;bedarbių proc. nuo DAG;ŠALYJE;9.1
2015-04-01 00:00:00;bedarbių proc. nuo DAG;ŠALYJE;8.5
2015-05-01 00:00:00;bedarbių proc. nuo DAG;ŠALYJE;8.5
2015-06-01 00:00:00;bedarbių proc. nuo DAG;ŠALYJE;8.5
2015-07-01 00:00:00;bedarbių proc. nuo DAG;ŠALYJE;8.6
2015-08-01 00:00:00;bedarbių proc. nuo DAG;ŠALYJE;8.5
2015-09-01 00:00:00;bedarbių proc. nuo DAG;ŠALYJE;8.1
2015-10-01 00:00:00;bedarbių proc. nuo DAG;ŠALYJE;8.3
2015-11-01 00:00:00;bedarbių proc. nuo DAG;ŠALYJE;8.4
2015-12-01 00:00:00;bedarbių proc. nuo DAG;ŠALYJE;9
2016-01-01 00:00:00;bedarbių proc. nuo DAG;ŠALYJE;9.4
2016-02-01 00:00:00;bedarbių proc. nuo DAG;ŠALYJE;9.2
2016-03-01 00:00:00;bedarbių proc. nuo DAG;ŠALYJE;8.9
2016-04-01 00:00:00;bedarbių proc. nuo DAG;ŠALYJE;8.3
2016-05-01 00:00:00;bedarbių proc. nuo DAG;ŠALYJE;7.6
2016-06-01 00:00:00;bedarbių proc. nuo DAG;ŠALYJE;7.4
2016-07-01 00:00:00;bedarbių proc. nuo DAG;ŠALYJE;7.8
2016-08-01 00:00:00;bedarbių proc. nuo DAG;ŠALYJE;7.5
2016-09-01 00:00:00;bedarbių proc. nuo DAG;ŠALYJE;7.2
2016-10-01 00:00:00;bedarbių proc. nuo DAG;ŠALYJE;7.3
2016-11-01 00:00:00;bedarbių proc. nuo DAG;ŠALYJE;7.6
2016-12-01 00:00:00;bedarbių proc. nuo DAG;ŠALYJE;8.5
2017-01-01 00:00:00;bedarbių proc. nuo DAG;ŠALYJE;8.7
2017-02-01 00:00:00;bedarbių proc. nuo DAG;ŠALYJE;8.8
2017-03-01 00:00:00;bedarbių proc. nuo DAG;ŠALYJE;8.3
2017-04-01 00:00:00;bedarbių proc. nuo DAG;ŠALYJE;7.9
2017-05-01 00:00:00;bedarbių proc. nuo DAG;ŠALYJE;7.3
2017-06-01 00:00:00;bedarbių proc. nuo DAG;ŠALYJE;7.3
2017-07-01 00:00:00;bedarbių proc. nuo DAG;ŠALYJE;7.6
2017-08-01 00:00:00;bedarbių proc. nuo DAG;ŠALYJE;7.5
2017-09-01 00:00:00;bedarbių proc. nuo DAG;ŠALYJE;7.4
2017-10-01 00:00:00;bedarbių proc. nuo DAG;ŠALYJE;7.4
2017-11-01 00:00:00;bedarbių proc. nuo DAG;ŠALYJE;7.7
2017-12-01 00:00:00;bedarbių proc. nuo DAG;ŠALYJE;8.7
2018-01-01 00:00:00;bedarbių proc. nuo DAG;ŠALYJE;9
2018-02-01 00:00:00;bedarbių proc. nuo DAG;ŠALYJE;9.1
2018-03-01 00:00:00;bedarbių proc. nuo DAG;ŠALYJE;9.2
2018-04-01 00:00:00;bedarbių proc. nuo DAG;ŠALYJE;8.6
2018-05-01 00:00:00;bedarbių proc. nuo DAG;ŠALYJE;8.1
2018-06-01 00:00:00;bedarbių proc. nuo DAG;ŠALYJE;8.3
2018-07-01 00:00:00;bedarbių proc. nuo DAG;ŠALYJE;8.2
2018-08-01 00:00:00;bedarbių proc. nuo DAG;ŠALYJE;8.2
2018-09-01 00:00:00;bedarbių proc. nuo DAG;ŠALYJE;8.3
2018-10-01 00:00:00;bedarbių proc. nuo DAG;ŠALYJE;7.9
2018-11-01 00:00:00;bedarbių proc. nuo DAG;ŠALYJE;8.2
2018-12-01 00:00:00;bedarbių proc. nuo DAG;ŠALYJE;8.9
2019-01-01 00:00:00;bedarbių proc. nuo DAG;ŠALYJE;9.2
2009-02-01 00:00:00;bedarbių sk. laikotarpio pabaigoje;ŠALYJE;152391
2009-03-01 00:00:00;bedarbių sk. laikotarpio pabaigoje;ŠALYJE;175273
2009-04-01 00:00:00;bedarbių sk. laikotarpio pabaigoje;ŠALYJE;186462
2009-05-01 00:00:00;bedarbių sk. laikotarpio pabaigoje;ŠALYJE;193229
2009-06-01 00:00:00;bedarbių sk. laikotarpio pabaigoje;ŠALYJE;199323
2009-07-01 00:00:00;bedarbių sk. laikotarpio pabaigoje;ŠALYJE;209911
2009-08-01 00:00:00;bedarbių sk. laikotarpio pabaigoje;ŠALYJE;218135
2009-09-01 00:00:00;bedarbių sk. laikotarpio pabaigoje;ŠALYJE;222344
2009-10-01 00:00:00;bedarbių sk. laikotarpio pabaigoje;ŠALYJE;235548
2009-11-01 00:00:00;bedarbių sk. laikotarpio pabaigoje;ŠALYJE;251023
2009-12-01 00:00:00;bedarbių sk. laikotarpio pabaigoje;ŠALYJE;268838
2010-01-01 00:00:00;bedarbių sk. laikotarpio pabaigoje;ŠALYJE;287467
2010-02-01 00:00:00;bedarbių sk. laikotarpio pabaigoje;ŠALYJE;299524
2010-03-01 00:00:00;bedarbių sk. laikotarpio pabaigoje;ŠALYJE;307125
2010-04-01 00:00:00;bedarbių sk. laikotarpio pabaigoje;ŠALYJE;324994
2010-05-01 00:00:00;bedarbių sk. laikotarpio pabaigoje;ŠALYJE;324199
2010-06-01 00:00:00;bedarbių sk. laikotarpio pabaigoje;ŠALYJE;324210
2010-07-01 00:00:00;bedarbių sk. laikotarpio pabaigoje;ŠALYJE;330589
2010-08-01 00:00:00;bedarbių sk. laikotarpio pabaigoje;ŠALYJE;319817
2010-09-01 00:00:00;bedarbių sk. laikotarpio pabaigoje;ŠALYJE;309424
2010-10-01 00:00:00;bedarbių sk. laikotarpio pabaigoje;ŠALYJE;306215
2010-11-01 00:00:00;bedarbių sk. laikotarpio pabaigoje;ŠALYJE;300571
2010-12-01 00:00:00;bedarbių sk. laikotarpio pabaigoje;ŠALYJE;311261
2011-01-01 00:00:00;bedarbių sk. laikotarpio pabaigoje;ŠALYJE;311176
2011-02-01 00:00:00;bedarbių sk. laikotarpio pabaigoje;ŠALYJE;306360
2011-03-01 00:00:00;bedarbių sk. laikotarpio pabaigoje;ŠALYJE;293540
2011-04-01 00:00:00;bedarbių sk. laikotarpio pabaigoje;ŠALYJE;269319
2011-05-01 00:00:00;bedarbių sk. laikotarpio pabaigoje;ŠALYJE;243243
2011-06-01 00:00:00;bedarbių sk. laikotarpio pabaigoje;ŠALYJE;227560
2011-07-01 00:00:00;bedarbių sk. laikotarpio pabaigoje;ŠALYJE;229185
2011-08-01 00:00:00;bedarbių sk. laikotarpio pabaigoje;ŠALYJE;221245
2011-09-01 00:00:00;bedarbių sk. laikotarpio pabaigoje;ŠALYJE;213391
2011-10-01 00:00:00;bedarbių sk. laikotarpio pabaigoje;ŠALYJE;211817
2011-11-01 00:00:00;bedarbių sk. laikotarpio pabaigoje;ŠALYJE;212520
2011-12-01 00:00:00;bedarbių sk. laikotarpio pabaigoje;ŠALYJE;227066
2012-01-01 00:00:00;bedarbių sk. laikotarpio pabaigoje;ŠALYJE;239085
2012-02-01 00:00:00;bedarbių sk. laikotarpio pabaigoje;ŠALYJE;243100
2012-03-01 00:00:00;bedarbių sk. laikotarpio pabaigoje;ŠALYJE;243992
2012-04-01 00:00:00;bedarbių sk. laikotarpio pabaigoje;ŠALYJE;229281
2012-05-01 00:00:00;bedarbių sk. laikotarpio pabaigoje;ŠALYJE;211535
2012-06-01 00:00:00;bedarbių sk. laikotarpio pabaigoje;ŠALYJE;208608
2012-07-01 00:00:00;bedarbių sk. laikotarpio pabaigoje;ŠALYJE;208362
2012-08-01 00:00:00;bedarbių sk. laikotarpio pabaigoje;ŠALYJE;205644
2012-09-01 00:00:00;bedarbių sk. laikotarpio pabaigoje;ŠALYJE;202261
2012-10-01 00:00:00;bedarbių sk. laikotarpio pabaigoje;ŠALYJE;196429
2012-11-01 00:00:00;bedarbių sk. laikotarpio pabaigoje;ŠALYJE;204028
2012-12-01 00:00:00;bedarbių sk. laikotarpio pabaigoje;ŠALYJE;210153
2013-01-01 00:00:00;bedarbių sk. laikotarpio pabaigoje;ŠALYJE;228343
2013-02-01 00:00:00;bedarbių sk. laikotarpio pabaigoje;ŠALYJE;229887
2013-03-01 00:00:00;bedarbių sk. laikotarpio pabaigoje;ŠALYJE;230277
2013-04-01 00:00:00;bedarbių sk. laikotarpio pabaigoje;ŠALYJE;213386
2013-05-01 00:00:00;bedarbių sk. laikotarpio pabaigoje;ŠALYJE;192156
2013-06-01 00:00:00;bedarbių sk. laikotarpio pabaigoje;ŠALYJE;187442
2013-07-01 00:00:00;bedarbių sk. laikotarpio pabaigoje;ŠALYJE;185833
2013-08-01 00:00:00;bedarbių sk. laikotarpio pabaigoje;ŠALYJE;190143
2013-09-01 00:00:00;bedarbių sk. laikotarpio pabaigoje;ŠALYJE;181240
2013-10-01 00:00:00;bedarbių sk. laikotarpio pabaigoje;ŠALYJE;180804
2013-11-01 00:00:00;bedarbių sk. laikotarpio pabaigoje;ŠALYJE;192812
2013-12-01 00:00:00;bedarbių sk. laikotarpio pabaigoje;ŠALYJE;203544
2014-01-01 00:00:00;bedarbių sk. laikotarpio pabaigoje;ŠALYJE;210930
2014-02-01 00:00:00;bedarbių sk. laikotarpio pabaigoje;ŠALYJE;208688
2014-03-01 00:00:00;bedarbių sk. laikotarpio pabaigoje;ŠALYJE;198620
2014-04-01 00:00:00;bedarbių sk. laikotarpio pabaigoje;ŠALYJE;179463
2014-05-01 00:00:00;bedarbių sk. laikotarpio pabaigoje;ŠALYJE;167975
2014-06-01 00:00:00;bedarbių sk. laikotarpio pabaigoje;ŠALYJE;156527
2014-07-01 00:00:00;bedarbių sk. laikotarpio pabaigoje;ŠALYJE;159368
2014-08-01 00:00:00;bedarbių sk. laikotarpio pabaigoje;ŠALYJE;162277
2014-09-01 00:00:00;bedarbių sk. laikotarpio pabaigoje;ŠALYJE;152188
2014-10-01 00:00:00;bedarbių sk. laikotarpio pabaigoje;ŠALYJE;151053
2014-11-01 00:00:00;bedarbių sk. laikotarpio pabaigoje;ŠALYJE;159751
2014-12-01 00:00:00;bedarbių sk. laikotarpio pabaigoje;ŠALYJE;169228
2008-01-01 00:00:00;laisvų darbo vietų sk. laikotarpio pabaigoje;ŠALYJE;10881
2008-02-01 00:00:00;laisvų darbo vietų sk. laikotarpio pabaigoje;ŠALYJE;10779
2008-03-01 00:00:00;laisvų darbo vietų sk. laikotarpio pabaigoje;ŠALYJE;9060
2008-04-01 00:00:00;laisvų darbo vietų sk. laikotarpio pabaigoje;ŠALYJE;8270
2008-05-01 00:00:00;laisvų darbo vietų sk. laikotarpio pabaigoje;ŠALYJE;7928
2008-06-01 00:00:00;laisvų darbo vietų sk. laikotarpio pabaigoje;ŠALYJE;6694
2008-07-01 00:00:00;laisvų darbo vietų sk. laikotarpio pabaigoje;ŠALYJE;7035
2008-08-01 00:00:00;laisvų darbo vietų sk. laikotarpio pabaigoje;ŠALYJE;7245
2008-09-01 00:00:00;laisvų darbo vietų sk. laikotarpio pabaigoje;ŠALYJE;6573
2008-10-01 00:00:00;laisvų darbo vietų sk. laikotarpio pabaigoje;ŠALYJE;5368
2008-11-01 00:00:00;laisvų darbo vietų sk. laikotarpio pabaigoje;ŠALYJE;4644
2008-12-01 00:00:00;laisvų darbo vietų sk. laikotarpio pabaigoje;ŠALYJE;3866
2009-01-01 00:00:00;laisvų darbo vietų sk. laikotarpio pabaigoje;ŠALYJE;3425
2009-02-01 00:00:00;laisvų darbo vietų sk. laikotarpio pabaigoje;ŠALYJE;2525
2009-03-01 00:00:00;laisvų darbo vietų sk. laikotarpio pabaigoje;ŠALYJE;1584
2009-04-01 00:00:00;laisvų darbo vietų sk. laikotarpio pabaigoje;ŠALYJE;1374
2009-05-01 00:00:00;laisvų darbo vietų sk. laikotarpio pabaigoje;ŠALYJE;1494
2009-06-01 00:00:00;laisvų darbo vietų sk. laikotarpio pabaigoje;ŠALYJE;1584
2009-07-01 00:00:00;laisvų darbo vietų sk. laikotarpio pabaigoje;ŠALYJE;1409
2009-08-01 00:00:00;laisvų darbo vietų sk. laikotarpio pabaigoje;ŠALYJE;1529
2009-09-01 00:00:00;laisvų darbo vietų sk. laikotarpio pabaigoje;ŠALYJE;1382
2009-10-01 00:00:00;laisvų darbo vietų sk. laikotarpio pabaigoje;ŠALYJE;1264
2009-11-01 00:00:00;laisvų darbo vietų sk. laikotarpio pabaigoje;ŠALYJE;1245
2009-12-01 00:00:00;laisvų darbo vietų sk. laikotarpio pabaigoje;ŠALYJE;1190
2010-01-01 00:00:00;laisvų darbo vietų sk. laikotarpio pabaigoje;ŠALYJE;1519
2010-02-01 00:00:00;laisvų darbo vietų sk. laikotarpio pabaigoje;ŠALYJE;1643
2010-03-01 00:00:00;laisvų darbo vietų sk. laikotarpio pabaigoje;ŠALYJE;1919
2010-04-01 00:00:00;laisvų darbo vietų sk. laikotarpio pabaigoje;ŠALYJE;2372
2010-05-01 00:00:00;laisvų darbo vietų sk. laikotarpio pabaigoje;ŠALYJE;2730
2010-06-01 00:00:00;laisvų darbo vietų sk. laikotarpio pabaigoje;ŠALYJE;3288
2010-07-01 00:00:00;laisvų darbo vietų sk. laikotarpio pabaigoje;ŠALYJE;3688
2010-08-01 00:00:00;laisvų darbo vietų sk. laikotarpio pabaigoje;ŠALYJE;4222
2010-09-01 00:00:00;laisvų darbo vietų sk. laikotarpio pabaigoje;ŠALYJE;3505
2010-10-01 00:00:00;laisvų darbo vietų sk. laikotarpio pabaigoje;ŠALYJE;3457
2010-11-01 00:00:00;laisvų darbo vietų sk. laikotarpio pabaigoje;ŠALYJE;3097
2010-12-01 00:00:00;laisvų darbo vietų sk. laikotarpio pabaigoje;ŠALYJE;2469
2011-01-01 00:00:00;laisvų darbo vietų sk. laikotarpio pabaigoje;ŠALYJE;3198
2011-02-01 00:00:00;laisvų darbo vietų sk. laikotarpio pabaigoje;ŠALYJE;3466
2011-03-01 00:00:00;laisvų darbo vietų sk. laikotarpio pabaigoje;ŠALYJE;3466
2011-04-01 00:00:00;laisvų darbo vietų sk. laikotarpio pabaigoje;ŠALYJE;3685
2011-05-01 00:00:00;laisvų darbo vietų sk. laikotarpio pabaigoje;ŠALYJE;3110
2011-06-01 00:00:00;laisvų darbo vietų sk. laikotarpio pabaigoje;ŠALYJE;2987
2011-07-01 00:00:00;laisvų darbo vietų sk. laikotarpio pabaigoje;ŠALYJE;3071
2011-08-01 00:00:00;laisvų darbo vietų sk. laikotarpio pabaigoje;ŠALYJE;4086
2011-09-01 00:00:00;laisvų darbo vietų sk. laikotarpio pabaigoje;ŠALYJE;3620
2011-10-01 00:00:00;laisvų darbo vietų sk. laikotarpio pabaigoje;ŠALYJE;3097
2011-11-01 00:00:00;laisvų darbo vietų sk. laikotarpio pabaigoje;ŠALYJE;2745
2011-12-01 00:00:00;laisvų darbo vietų sk. laikotarpio pabaigoje;ŠALYJE;2216
2012-01-01 00:00:00;laisvų darbo vietų sk. laikotarpio pabaigoje;ŠALYJE;2954
2012-02-01 00:00:00;laisvų darbo vietų sk. laikotarpio pabaigoje;ŠALYJE;2349
2012-03-01 00:00:00;laisvų darbo vietų sk. laikotarpio pabaigoje;ŠALYJE;3130
2012-04-01 00:00:00;laisvų darbo vietų sk. laikotarpio pabaigoje;ŠALYJE;4481
2012-05-01 00:00:00;laisvų darbo vietų sk. laikotarpio pabaigoje;ŠALYJE;3470
2012-06-01 00:00:00;laisvų darbo vietų sk. laikotarpio pabaigoje;ŠALYJE;3278
2012-07-01 00:00:00;laisvų darbo vietų sk. laikotarpio pabaigoje;ŠALYJE;2660
2012-08-01 00:00:00;laisvų darbo vietų sk. laikotarpio pabaigoje;ŠALYJE;3146
2012-09-01 00:00:00;laisvų darbo vietų sk. laikotarpio pabaigoje;ŠALYJE;2832
2012-10-01 00:00:00;laisvų darbo vietų sk. laikotarpio pabaigoje;ŠALYJE;2530
2012-11-01 00:00:00;laisvų darbo vietų sk. laikotarpio pabaigoje;ŠALYJE;2567
2012-12-01 00:00:00;laisvų darbo vietų sk. laikotarpio pabaigoje;ŠALYJE;1990
2013-01-01 00:00:00;laisvų darbo vietų sk. laikotarpio pabaigoje;ŠALYJE;3228
2013-02-01 00:00:00;laisvų darbo vietų sk. laikotarpio pabaigoje;ŠALYJE;3920
2013-03-01 00:00:00;laisvų darbo vietų sk. laikotarpio pabaigoje;ŠALYJE;3943
2013-04-01 00:00:00;laisvų darbo vietų sk. laikotarpio pabaigoje;ŠALYJE;4910
2013-05-01 00:00:00;laisvų darbo vietų sk. laikotarpio pabaigoje;ŠALYJE;5474
2013-06-01 00:00:00;laisvų darbo vietų sk. laikotarpio pabaigoje;ŠALYJE;5044
2013-07-01 00:00:00;laisvų darbo vietų sk. laikotarpio pabaigoje;ŠALYJE;5225
2013-08-01 00:00:00;laisvų darbo vietų sk. laikotarpio pabaigoje;ŠALYJE;6465
2013-09-01 00:00:00;laisvų darbo vietų sk. laikotarpio pabaigoje;ŠALYJE;4994
2013-10-01 00:00:00;laisvų darbo vietų sk. laikotarpio pabaigoje;ŠALYJE;4348
2013-11-01 00:00:00;laisvų darbo vietų sk. laikotarpio pabaigoje;ŠALYJE;4213
2013-12-01 00:00:00;laisvų darbo vietų sk. laikotarpio pabaigoje;ŠALYJE;2487
2014-01-01 00:00:00;laisvų darbo vietų sk. laikotarpio pabaigoje;ŠALYJE;3899
2014-02-01 00:00:00;laisvų darbo vietų sk. laikotarpio pabaigoje;ŠALYJE;4443
2014-03-01 00:00:00;laisvų darbo vietų sk. laikotarpio pabaigoje;ŠALYJE;4911
2014-04-01 00:00:00;laisvų darbo vietų sk. laikotarpio pabaigoje;ŠALYJE;5636
2014-05-01 00:00:00;laisvų darbo vietų sk. laikotarpio pabaigoje;ŠALYJE;6887
2014-06-01 00:00:00;laisvų darbo vietų sk. laikotarpio pabaigoje;ŠALYJE;5739
2014-07-01 00:00:00;laisvų darbo vietų sk. laikotarpio pabaigoje;ŠALYJE;6938
2014-08-01 00:00:00;laisvų darbo vietų sk. laikotarpio pabaigoje;ŠALYJE;7892
2014-09-01 00:00:00;laisvų darbo vietų sk. laikotarpio pabaigoje;ŠALYJE;7627
2014-10-01 00:00:00;laisvų darbo vietų sk. laikotarpio pabaigoje;ŠALYJE;7198
2014-11-01 00:00:00;laisvų darbo vietų sk. laikotarpio pabaigoje;ŠALYJE;5710
2014-12-01 00:00:00;laisvų darbo vietų sk. laikotarpio pabaigoje;ŠALYJE;3258
2015-01-01 00:00:00;laisvų darbo vietų sk. laikotarpio pabaigoje;ŠALYJE;5960
2015-02-01 00:00:00;laisvų darbo vietų sk. laikotarpio pabaigoje;ŠALYJE;6746
2015-03-01 00:00:00;laisvų darbo vietų sk. laikotarpio pabaigoje;ŠALYJE;7523
2015-04-01 00:00:00;laisvų darbo vietų sk. laikotarpio pabaigoje;ŠALYJE;8539
2015-05-01 00:00:00;laisvų darbo vietų sk. laikotarpio pabaigoje;ŠALYJE;8462
2015-06-01 00:00:00;laisvų darbo vietų sk. laikotarpio pabaigoje;ŠALYJE;8133
2015-07-01 00:00:00;laisvų darbo vietų sk. laikotarpio pabaigoje;ŠALYJE;9015
2015-08-01 00:00:00;laisvų darbo vietų sk. laikotarpio pabaigoje;ŠALYJE;10648
2015-09-01 00:00:00;laisvų darbo vietų sk. laikotarpio pabaigoje;ŠALYJE;8792
2015-10-01 00:00:00;laisvų darbo vietų sk. laikotarpio pabaigoje;ŠALYJE;7468
2015-11-01 00:00:00;laisvų darbo vietų sk. laikotarpio pabaigoje;ŠALYJE;6604
2015-12-01 00:00:00;laisvų darbo vietų sk. laikotarpio pabaigoje;ŠALYJE;4708
2016-01-01 00:00:00;laisvų darbo vietų sk. laikotarpio pabaigoje;ŠALYJE;6855
2016-02-01 00:00:00;laisvų darbo vietų sk. laikotarpio pabaigoje;ŠALYJE;7956
2016-03-01 00:00:00;laisvų darbo vietų sk. laikotarpio pabaigoje;ŠALYJE;9116
2016-04-01 00:00:00;laisvų darbo vietų sk. laikotarpio pabaigoje;ŠALYJE;9375
2016-05-01 00:00:00;laisvų darbo vietų sk. laikotarpio pabaigoje;ŠALYJE;11461
2016-06-01 00:00:00;laisvų darbo vietų sk. laikotarpio pabaigoje;ŠALYJE;9588
2016-07-01 00:00:00;laisvų darbo vietų sk. laikotarpio pabaigoje;ŠALYJE;8960
2016-08-01 00:00:00;laisvų darbo vietų sk. laikotarpio pabaigoje;ŠALYJE;11400
2016-09-01 00:00:00;laisvų darbo vietų sk. laikotarpio pabaigoje;ŠALYJE;9161
2016-10-01 00:00:00;laisvų darbo vietų sk. laikotarpio pabaigoje;ŠALYJE;8190
2016-11-01 00:00:00;laisvų darbo vietų sk. laikotarpio pabaigoje;ŠALYJE;7718
2016-12-01 00:00:00;laisvų darbo vietų sk. laikotarpio pabaigoje;ŠALYJE;4605
2017-01-01 00:00:00;laisvų darbo vietų sk. laikotarpio pabaigoje;ŠALYJE;7547
2017-02-01 00:00:00;laisvų darbo vietų sk. laikotarpio pabaigoje;ŠALYJE;7556
2017-03-01 00:00:00;laisvų darbo vietų sk. laikotarpio pabaigoje;ŠALYJE;9308
2017-04-01 00:00:00;laisvų darbo vietų sk. laikotarpio pabaigoje;ŠALYJE;9402
2017-05-01 00:00:00;laisvų darbo vietų sk. laikotarpio pabaigoje;ŠALYJE;11150
2017-06-01 00:00:00;laisvų darbo vietų sk. laikotarpio pabaigoje;ŠALYJE;9950
2017-07-01 00:00:00;laisvų darbo vietų sk. laikotarpio pabaigoje;ŠALYJE;10877
2017-08-01 00:00:00;laisvų darbo vietų sk. laikotarpio pabaigoje;ŠALYJE;12245
2017-09-01 00:00:00;laisvų darbo vietų sk. laikotarpio pabaigoje;ŠALYJE;10348
2017-10-01 00:00:00;laisvų darbo vietų sk. laikotarpio pabaigoje;ŠALYJE;9591
2017-11-01 00:00:00;laisvų darbo vietų sk. laikotarpio pabaigoje;ŠALYJE;8071
2017-12-01 00:00:00;laisvų darbo vietų sk. laikotarpio pabaigoje;ŠALYJE;5133
2018-01-01 00:00:00;laisvų darbo vietų sk. laikotarpio pabaigoje;ŠALYJE;8364
2018-02-01 00:00:00;laisvų darbo vietų sk. laikotarpio pabaigoje;ŠALYJE;8231
2018-03-01 00:00:00;laisvų darbo vietų sk. laikotarpio pabaigoje;ŠALYJE;10366
2018-04-01 00:00:00;laisvų darbo vietų sk. laikotarpio pabaigoje;ŠALYJE;12184
2018-05-01 00:00:00;laisvų darbo vietų sk. laikotarpio pabaigoje;ŠALYJE;14156
2018-06-01 00:00:00;laisvų darbo vietų sk. laikotarpio pabaigoje;ŠALYJE;11638
2018-07-01 00:00:00;laisvų darbo vietų sk. laikotarpio pabaigoje;ŠALYJE;12648
2018-08-01 00:00:00;laisvų darbo vietų sk. laikotarpio pabaigoje;ŠALYJE;13005
2018-09-01 00:00:00;laisvų darbo vietų sk. laikotarpio pabaigoje;ŠALYJE;11478
2018-10-01 00:00:00;laisvų darbo vietų sk. laikotarpio pabaigoje;ŠALYJE;10595
2018-11-01 00:00:00;laisvų darbo vietų sk. laikotarpio pabaigoje;ŠALYJE;8303
2018-12-01 00:00:00;laisvų darbo vietų sk. laikotarpio pabaigoje;ŠALYJE;4199
2019-01-01 00:00:00;laisvų darbo vietų sk. laikotarpio pabaigoje;ŠALYJE;8137
2008-01-01 00:00:00;bedarbių moterų proc. nuo DA moterų;ŠALYJE;4.4
2008-02-01 00:00:00;bedarbių moterų proc. nuo DA moterų;ŠALYJE;4.4
2008-03-01 00:00:00;bedarbių moterų proc. nuo DA moterų;ŠALYJE;4.3
2008-04-01 00:00:00;bedarbių moterų proc. nuo DA moterų;ŠALYJE;4.1
2008-05-01 00:00:00;bedarbių moterų proc. nuo DA moterų;ŠALYJE;3.9
2008-06-01 00:00:00;bedarbių moterų proc. nuo DA moterų;ŠALYJE;3.8
2008-07-01 00:00:00;bedarbių moterų proc. nuo DA moterų;ŠALYJE;4
2008-08-01 00:00:00;bedarbių moterų proc. nuo DA moterų;ŠALYJE;4.1
2008-09-01 00:00:00;bedarbių moterų proc. nuo DA moterų;ŠALYJE;3.7
2008-10-01 00:00:00;bedarbių moterų proc. nuo DA moterų;ŠALYJE;3.8
2008-11-01 00:00:00;bedarbių moterų proc. nuo DA moterų;ŠALYJE;4
2008-12-01 00:00:00;bedarbių moterų proc. nuo DA moterų;ŠALYJE;4.5
2009-01-01 00:00:00;bedarbių moterų proc. nuo DA moterų;ŠALYJE;5.6
2009-02-01 00:00:00;bedarbių moterų proc. nuo DA moterų;ŠALYJE;6.6
2009-03-01 00:00:00;bedarbių moterų proc. nuo DA moterų;ŠALYJE;7.4
2009-04-01 00:00:00;bedarbių moterų proc. nuo DA moterų;ŠALYJE;7.7
2009-05-01 00:00:00;bedarbių moterų proc. nuo DA moterų;ŠALYJE;8
2009-06-01 00:00:00;bedarbių moterų proc. nuo DA moterų;ŠALYJE;8.3
2009-07-01 00:00:00;bedarbių moterų proc. nuo DA moterų;ŠALYJE;8.9
2009-08-01 00:00:00;bedarbių moterų proc. nuo DA moterų;ŠALYJE;9.3
2009-09-01 00:00:00;bedarbių moterų proc. nuo DA moterų;ŠALYJE;9.6
2009-10-01 00:00:00;bedarbių moterų proc. nuo DA moterų;ŠALYJE;10.1
2009-11-01 00:00:00;bedarbių moterų proc. nuo DA moterų;ŠALYJE;10.7
2009-12-01 00:00:00;bedarbių moterų proc. nuo DA moterų;ŠALYJE;11.3
2010-01-01 00:00:00;bedarbių moterų proc. nuo DA moterų;ŠALYJE;12.2
2010-02-01 00:00:00;bedarbių moterų proc. nuo DA moterų;ŠALYJE;12.7
2010-03-01 00:00:00;bedarbių moterų proc. nuo DA moterų;ŠALYJE;13
2010-04-01 00:00:00;bedarbių moterų proc. nuo DA moterų;ŠALYJE;13.8
2010-05-01 00:00:00;bedarbių moterų proc. nuo DA moterų;ŠALYJE;13.9
2010-06-01 00:00:00;bedarbių moterų proc. nuo DA moterų;ŠALYJE;14.1
2010-07-01 00:00:00;bedarbių moterų proc. nuo DA moterų;ŠALYJE;14.6
2010-08-01 00:00:00;bedarbių moterų proc. nuo DA moterų;ŠALYJE;14.4
2010-09-01 00:00:00;bedarbių moterų proc. nuo DA moterų;ŠALYJE;14.1
2010-10-01 00:00:00;bedarbių moterų proc. nuo DA moterų;ŠALYJE;14
2010-11-01 00:00:00;bedarbių moterų proc. nuo DA moterų;ŠALYJE;13.8
2010-12-01 00:00:00;bedarbių moterų proc. nuo DA moterų;ŠALYJE;14
2011-01-01 00:00:00;bedarbių moterų proc. nuo DA moterų;ŠALYJE;14.6
2011-02-01 00:00:00;bedarbių moterų proc. nuo DA moterų;ŠALYJE;14.3
2011-03-01 00:00:00;bedarbių moterų proc. nuo DA moterų;ŠALYJE;13.8
2011-04-01 00:00:00;bedarbių moterų proc. nuo DA moterų;ŠALYJE;12.8
2011-05-01 00:00:00;bedarbių moterų proc. nuo DA moterų;ŠALYJE;12.1
2011-06-01 00:00:00;bedarbių moterų proc. nuo DA moterų;ŠALYJE;11.6
2011-07-01 00:00:00;bedarbių moterų proc. nuo DA moterų;ŠALYJE;11.9
2011-08-01 00:00:00;bedarbių moterų proc. nuo DA moterų;ŠALYJE;11.7
2011-09-01 00:00:00;bedarbių moterų proc. nuo DA moterų;ŠALYJE;11.3
2011-10-01 00:00:00;bedarbių moterų proc. nuo DA moterų;ŠALYJE;11.2
2011-11-01 00:00:00;bedarbių moterų proc. nuo DA moterų;ŠALYJE;11.2
2011-12-01 00:00:00;bedarbių moterų proc. nuo DA moterų;ŠALYJE;11.5
2012-01-01 00:00:00;bedarbių moterų proc. nuo DA moterų;ŠALYJE;12.1
2012-02-01 00:00:00;bedarbių moterų proc. nuo DA moterų;ŠALYJE;12.1
2012-03-01 00:00:00;bedarbių moterų proc. nuo DA moterų;ŠALYJE;12
2012-04-01 00:00:00;bedarbių moterų proc. nuo DA moterų;ŠALYJE;11.5
2012-05-01 00:00:00;bedarbių moterų proc. nuo DA moterų;ŠALYJE;10.8
2012-06-01 00:00:00;bedarbių moterų proc. nuo DA moterų;ŠALYJE;10.8
2012-07-01 00:00:00;bedarbių moterų proc. nuo DA moterų;ŠALYJE;11
2012-08-01 00:00:00;bedarbių moterų proc. nuo DA moterų;ŠALYJE;11
2012-09-01 00:00:00;bedarbių moterų proc. nuo DA moterų;ŠALYJE;10.8
2012-10-01 00:00:00;bedarbių moterų proc. nuo DA moterų;ŠALYJE;10.5
2012-11-01 00:00:00;bedarbių moterų proc. nuo DA moterų;ŠALYJE;10.7
2012-12-01 00:00:00;bedarbių moterų proc. nuo DA moterų;ŠALYJE;10.7
2013-01-01 00:00:00;bedarbių moterų proc. nuo DA moterų;ŠALYJE;11.4
2013-02-01 00:00:00;bedarbių moterų proc. nuo DA moterų;ŠALYJE;11.4
2013-03-01 00:00:00;bedarbių moterų proc. nuo DA moterų;ŠALYJE;11.4
2013-04-01 00:00:00;bedarbių moterų proc. nuo DA moterų;ŠALYJE;10.7
2013-05-01 00:00:00;bedarbių moterų proc. nuo DA moterų;ŠALYJE;10
2013-06-01 00:00:00;bedarbių moterų proc. nuo DA moterų;ŠALYJE;10
2013-07-01 00:00:00;bedarbių moterų proc. nuo DA moterų;ŠALYJE;10.2
2013-08-01 00:00:00;bedarbių moterų proc. nuo DA moterų;ŠALYJE;10.5
2013-09-01 00:00:00;bedarbių moterų proc. nuo DA moterų;ŠALYJE;10
2013-10-01 00:00:00;bedarbių moterų proc. nuo DA moterų;ŠALYJE;10
2013-11-01 00:00:00;bedarbių moterų proc. nuo DA moterų;ŠALYJE;10.4
2013-12-01 00:00:00;bedarbių moterų proc. nuo DA moterų;ŠALYJE;10.7
2014-01-01 00:00:00;bedarbių moterų proc. nuo DA moterų;ŠALYJE;10.8
2014-02-01 00:00:00;bedarbių moterų proc. nuo DA moterų;ŠALYJE;10.6
2014-03-01 00:00:00;bedarbių moterų proc. nuo DA moterų;ŠALYJE;10.2
2014-04-01 00:00:00;bedarbių moterų proc. nuo DA moterų;ŠALYJE;9.4
2014-05-01 00:00:00;bedarbių moterų proc. nuo DA moterų;ŠALYJE;9
2008-01-01 00:00:00;bedarbių vyrų proc. nuo DA vyrų;ŠALYJE;3.2
2008-02-01 00:00:00;bedarbių vyrų proc. nuo DA vyrų;ŠALYJE;3.3
2008-03-01 00:00:00;bedarbių vyrų proc. nuo DA vyrų;ŠALYJE;3.2
2008-04-01 00:00:00;bedarbių vyrų proc. nuo DA vyrų;ŠALYJE;3
2008-05-01 00:00:00;bedarbių vyrų proc. nuo DA vyrų;ŠALYJE;2.9
2008-06-01 00:00:00;bedarbių vyrų proc. nuo DA vyrų;ŠALYJE;2.8
2008-07-01 00:00:00;bedarbių vyrų proc. nuo DA vyrų;ŠALYJE;3
2008-08-01 00:00:00;bedarbių vyrų proc. nuo DA vyrų;ŠALYJE;3.1
2008-09-01 00:00:00;bedarbių vyrų proc. nuo DA vyrų;ŠALYJE;2.8
2008-10-01 00:00:00;bedarbių vyrų proc. nuo DA vyrų;ŠALYJE;3
2008-11-01 00:00:00;bedarbių vyrų proc. nuo DA vyrų;ŠALYJE;3.7
2008-12-01 00:00:00;bedarbių vyrų proc. nuo DA vyrų;ŠALYJE;5
2009-01-01 00:00:00;bedarbių vyrų proc. nuo DA vyrų;ŠALYJE;6.9
2009-02-01 00:00:00;bedarbių vyrų proc. nuo DA vyrų;ŠALYJE;8.8
2009-03-01 00:00:00;bedarbių vyrų proc. nuo DA vyrų;ŠALYJE;10.3
2009-04-01 00:00:00;bedarbių vyrų proc. nuo DA vyrų;ŠALYJE;11.1
2009-05-01 00:00:00;bedarbių vyrų proc. nuo DA vyrų;ŠALYJE;11.4
2009-06-01 00:00:00;bedarbių vyrų proc. nuo DA vyrų;ŠALYJE;11.8
2009-07-01 00:00:00;bedarbių vyrų proc. nuo DA vyrų;ŠALYJE;12.3
2009-08-01 00:00:00;bedarbių vyrų proc. nuo DA vyrų;ŠALYJE;12.6
2009-09-01 00:00:00;bedarbių vyrų proc. nuo DA vyrų;ŠALYJE;12.8
2009-10-01 00:00:00;bedarbių vyrų proc. nuo DA vyrų;ŠALYJE;13.6
2009-11-01 00:00:00;bedarbių vyrų proc. nuo DA vyrų;ŠALYJE;14.6
2009-12-01 00:00:00;bedarbių vyrų proc. nuo DA vyrų;ŠALYJE;15.8
2010-01-01 00:00:00;bedarbių vyrų proc. nuo DA vyrų;ŠALYJE;17.1
2010-02-01 00:00:00;bedarbių vyrų proc. nuo DA vyrų;ŠALYJE;17.9
2010-03-01 00:00:00;bedarbių vyrų proc. nuo DA vyrų;ŠALYJE;18.3
2010-04-01 00:00:00;bedarbių vyrų proc. nuo DA vyrų;ŠALYJE;19.4
2010-05-01 00:00:00;bedarbių vyrų proc. nuo DA vyrų;ŠALYJE;19.2
2010-06-01 00:00:00;bedarbių vyrų proc. nuo DA vyrų;ŠALYJE;18.9
2010-07-01 00:00:00;bedarbių vyrų proc. nuo DA vyrų;ŠALYJE;19.1
2010-08-01 00:00:00;bedarbių vyrų proc. nuo DA vyrų;ŠALYJE;18.2
2010-09-01 00:00:00;bedarbių vyrų proc. nuo DA vyrų;ŠALYJE;17.5
2010-10-01 00:00:00;bedarbių vyrų proc. nuo DA vyrų;ŠALYJE;17.2
2010-11-01 00:00:00;bedarbių vyrų proc. nuo DA vyrų;ŠALYJE;16.8
2010-12-01 00:00:00;bedarbių vyrų proc. nuo DA vyrų;ŠALYJE;17.7
2011-01-01 00:00:00;bedarbių vyrų proc. nuo DA vyrų;ŠALYJE;18.4
2011-02-01 00:00:00;bedarbių vyrų proc. nuo DA vyrų;ŠALYJE;18.1
2011-03-01 00:00:00;bedarbių vyrų proc. nuo DA vyrų;ŠALYJE;17.3
2011-04-01 00:00:00;bedarbių vyrų proc. nuo DA vyrų;ŠALYJE;15.7
2011-05-01 00:00:00;bedarbių vyrų proc. nuo DA vyrų;ŠALYJE;13.7
2011-06-01 00:00:00;bedarbių vyrų proc. nuo DA vyrų;ŠALYJE;12.4
2011-07-01 00:00:00;bedarbių vyrų proc. nuo DA vyrų;ŠALYJE;12.3
2011-08-01 00:00:00;bedarbių vyrų proc. nuo DA vyrų;ŠALYJE;11.7
2011-09-01 00:00:00;bedarbių vyrų proc. nuo DA vyrų;ŠALYJE;11.3
2011-10-01 00:00:00;bedarbių vyrų proc. nuo DA vyrų;ŠALYJE;11.2
2011-11-01 00:00:00;bedarbių vyrų proc. nuo DA vyrų;ŠALYJE;11.3
2011-12-01 00:00:00;bedarbių vyrų proc. nuo DA vyrų;ŠALYJE;12.5
2012-01-01 00:00:00;bedarbių vyrų proc. nuo DA vyrų;ŠALYJE;13.8
2012-02-01 00:00:00;bedarbių vyrų proc. nuo DA vyrų;ŠALYJE;14.2
2012-03-01 00:00:00;bedarbių vyrų proc. nuo DA vyrų;ŠALYJE;14.3
2012-04-01 00:00:00;bedarbių vyrų proc. nuo DA vyrų;ŠALYJE;13.3
2012-05-01 00:00:00;bedarbių vyrų proc. nuo DA vyrų;ŠALYJE;12
2012-06-01 00:00:00;bedarbių vyrų proc. nuo DA vyrų;ŠALYJE;11.7
2012-07-01 00:00:00;bedarbių vyrų proc. nuo DA vyrų;ŠALYJE;11.5
2012-08-01 00:00:00;bedarbių vyrų proc. nuo DA vyrų;ŠALYJE;11.2
2012-09-01 00:00:00;bedarbių vyrų proc. nuo DA vyrų;ŠALYJE;11.1
2012-10-01 00:00:00;bedarbių vyrų proc. nuo DA vyrų;ŠALYJE;10.8
2012-11-01 00:00:00;bedarbių vyrų proc. nuo DA vyrų;ŠALYJE;11.4
2012-12-01 00:00:00;bedarbių vyrų proc. nuo DA vyrų;ŠALYJE;12
2013-01-01 00:00:00;bedarbių vyrų proc. nuo DA vyrų;ŠALYJE;13.3
2013-02-01 00:00:00;bedarbių vyrų proc. nuo DA vyrų;ŠALYJE;13.5
2013-03-01 00:00:00;bedarbių vyrų proc. nuo DA vyrų;ŠALYJE;13.5
2013-04-01 00:00:00;bedarbių vyrų proc. nuo DA vyrų;ŠALYJE;12.4
2013-05-01 00:00:00;bedarbių vyrų proc. nuo DA vyrų;ŠALYJE;10.8
2013-06-01 00:00:00;bedarbių vyrų proc. nuo DA vyrų;ŠALYJE;10.4
2013-07-01 00:00:00;bedarbių vyrų proc. nuo DA vyrų;ŠALYJE;10
2013-08-01 00:00:00;bedarbių vyrų proc. nuo DA vyrų;ŠALYJE;10.2
2013-09-01 00:00:00;bedarbių vyrų proc. nuo DA vyrų;ŠALYJE;9.7
2013-10-01 00:00:00;bedarbių vyrų proc. nuo DA vyrų;ŠALYJE;9.7
2013-11-01 00:00:00;bedarbių vyrų proc. nuo DA vyrų;ŠALYJE;10.7
2013-12-01 00:00:00;bedarbių vyrų proc. nuo DA vyrų;ŠALYJE;11.5
2014-01-01 00:00:00;bedarbių vyrų proc. nuo DA vyrų;ŠALYJE;12.2
2014-02-01 00:00:00;bedarbių vyrų proc. nuo DA vyrų;ŠALYJE;12.2
2014-03-01 00:00:00;bedarbių vyrų proc. nuo DA vyrų;ŠALYJE;11.4
2014-04-01 00:00:00;bedarbių vyrų proc. nuo DA vyrų;ŠALYJE;10.2
2014-05-01 00:00:00;bedarbių vyrų proc. nuo DA vyrų;ŠALYJE;9.4
2014-06-01 00:00:00;bedarbių vyrų proc. nuo DA vyrų;ŠALYJE;8.5
2014-07-01 00:00:00;bedarbių vyrų proc. nuo DA vyrų;ŠALYJE;8.5
2014-08-01 00:00:00;bedarbių vyrų proc. nuo DA vyrų;ŠALYJE;8.7
2014-09-01 00:00:00;bedarbių vyrų proc. nuo DA vyrų;ŠALYJE;8.1
2014-10-01 00:00:00;bedarbių vyrų proc. nuo DA vyrų;ŠALYJE;8.1
2014-11-01 00:00:00;bedarbių vyrų proc. nuo DA vyrų;ŠALYJE;8.8
2014-12-01 00:00:00;bedarbių vyrų proc. nuo DA vyrų;ŠALYJE;9.6
2015-01-01 00:00:00;bedarbių vyrų proc. nuo DA vyrų;ŠALYJE;10.2
2015-02-01 00:00:00;bedarbių vyrų proc. nuo DA vyrų;ŠALYJE;10.2
2015-03-01 00:00:00;bedarbių vyrų proc. nuo DA vyrų;ŠALYJE;9.5
2015-04-01 00:00:00;bedarbių vyrų proc. nuo DA vyrų;ŠALYJE;8.8
2015-05-01 00:00:00;bedarbių vyrų proc. nuo DA vyrų;ŠALYJE;8.7
2015-06-01 00:00:00;bedarbių vyrų proc. nuo DA vyrų;ŠALYJE;8.6
2015-07-01 00:00:00;bedarbių vyrų proc. nuo DA vyrų;ŠALYJE;8.6
2015-08-01 00:00:00;bedarbių vyrų proc. nuo DA vyrų;ŠALYJE;8.4
2015-10-01 00:00:00;bedarbių vyrų proc. nuo DA vyrų;ŠALYJE;8.4
2015-11-01 00:00:00;bedarbių vyrų proc. nuo DA vyrų;ŠALYJE;8.6
2015-12-01 00:00:00;bedarbių vyrų proc. nuo DA vyrų;ŠALYJE;9.4
2016-01-01 00:00:00;bedarbių vyrų proc. nuo DA vyrų;ŠALYJE;10.1
2016-02-01 00:00:00;bedarbių vyrų proc. nuo DA vyrų;ŠALYJE;9.9
2016-03-01 00:00:00;bedarbių vyrų proc. nuo DA vyrų;ŠALYJE;9.5
2016-04-01 00:00:00;bedarbių vyrų proc. nuo DA vyrų;ŠALYJE;8.8
2016-05-01 00:00:00;bedarbių vyrų proc. nuo DA vyrų;ŠALYJE;7.9
2016-06-01 00:00:00;bedarbių vyrų proc. nuo DA vyrų;ŠALYJE;7.5
2016-07-01 00:00:00;bedarbių vyrų proc. nuo DA vyrų;ŠALYJE;7.9
2016-08-01 00:00:00;bedarbių vyrų proc. nuo DA vyrų;ŠALYJE;7.5
2016-09-01 00:00:00;bedarbių vyrų proc. nuo DA vyrų;ŠALYJE;7.2
2016-10-01 00:00:00;bedarbių vyrų proc. nuo DA vyrų;ŠALYJE;7.3
2016-11-01 00:00:00;bedarbių vyrų proc. nuo DA vyrų;ŠALYJE;7.8
2016-12-01 00:00:00;bedarbių vyrų proc. nuo DA vyrų;ŠALYJE;9.1
2017-01-01 00:00:00;bedarbių vyrų proc. nuo DA vyrų;ŠALYJE;9.4
2017-02-01 00:00:00;bedarbių vyrų proc. nuo DA vyrų;ŠALYJE;9.5
2017-03-01 00:00:00;bedarbių vyrų proc. nuo DA vyrų;ŠALYJE;8.9
2017-04-01 00:00:00;bedarbių vyrų proc. nuo DA vyrų;ŠALYJE;8.3
2017-05-01 00:00:00;bedarbių vyrų proc. nuo DA vyrų;ŠALYJE;7.6
2017-06-01 00:00:00;bedarbių vyrų proc. nuo DA vyrų;ŠALYJE;7.6
2017-07-01 00:00:00;bedarbių vyrų proc. nuo DA vyrų;ŠALYJE;7.8
2017-08-01 00:00:00;bedarbių vyrų proc. nuo DA vyrų;ŠALYJE;7.6
2017-09-01 00:00:00;bedarbių vyrų proc. nuo DA vyrų;ŠALYJE;7.6
2017-10-01 00:00:00;bedarbių vyrų proc. nuo DA vyrų;ŠALYJE;7.5
2017-11-01 00:00:00;bedarbių vyrų proc. nuo DA vyrų;ŠALYJE;7.9
2017-12-01 00:00:00;bedarbių vyrų proc. nuo DA vyrų;ŠALYJE;9.2
2018-01-01 00:00:00;bedarbių vyrų proc. nuo DA vyrų;ŠALYJE;9.6
2018-02-01 00:00:00;bedarbių vyrų proc. nuo DA vyrų;ŠALYJE;9.8
2018-03-01 00:00:00;bedarbių vyrų proc. nuo DA vyrų;ŠALYJE;9.9
2018-04-01 00:00:00;bedarbių vyrų proc. nuo DA vyrų;ŠALYJE;9
2018-05-01 00:00:00;bedarbių vyrų proc. nuo DA vyrų;ŠALYJE;8.2
2018-06-01 00:00:00;bedarbių vyrų proc. nuo DA vyrų;ŠALYJE;8.4
2018-07-01 00:00:00;bedarbių vyrų proc. nuo DA vyrų;ŠALYJE;8.1
2018-08-01 00:00:00;bedarbių vyrų proc. nuo DA vyrų;ŠALYJE;8
2018-09-01 00:00:00;bedarbių vyrų proc. nuo DA vyrų;ŠALYJE;8.3
2018-10-01 00:00:00;bedarbių vyrų proc. nuo DA vyrų;ŠALYJE;7.8
2018-11-01 00:00:00;bedarbių vyrų proc. nuo DA vyrų;ŠALYJE;8.2
2018-12-01 00:00:00;bedarbių vyrų proc. nuo DA vyrų;ŠALYJE;9.2
2019-01-01 00:00:00;bedarbių vyrų proc. nuo DA vyrų;ŠALYJE;9.7
2008-01-01 00:00:00;bedarbių vyrų sk. laikotarpio pab.;ŠALYJE;31305
2008-02-01 00:00:00;bedarbių vyrų sk. laikotarpio pab.;ŠALYJE;32284
2008-03-01 00:00:00;bedarbių vyrų sk. laikotarpio pab.;ŠALYJE;32052
2008-04-01 00:00:00;bedarbių vyrų sk. laikotarpio pab.;ŠALYJE;30014
2008-05-01 00:00:00;bedarbių vyrų sk. laikotarpio pab.;ŠALYJE;28363
2008-06-01 00:00:00;bedarbių vyrų sk. laikotarpio pab.;ŠALYJE;27558
2008-07-01 00:00:00;bedarbių vyrų sk. laikotarpio pab.;ŠALYJE;29225
2008-08-01 00:00:00;bedarbių vyrų sk. laikotarpio pab.;ŠALYJE;30450
2008-09-01 00:00:00;bedarbių vyrų sk. laikotarpio pab.;ŠALYJE;27660
2008-10-01 00:00:00;bedarbių vyrų sk. laikotarpio pab.;ŠALYJE;29550
2008-11-01 00:00:00;bedarbių vyrų sk. laikotarpio pab.;ŠALYJE;36472
2008-12-01 00:00:00;bedarbių vyrų sk. laikotarpio pab.;ŠALYJE;49044
2009-01-01 00:00:00;bedarbių vyrų sk. laikotarpio pab.;ŠALYJE;68260
2009-02-01 00:00:00;bedarbių vyrų sk. laikotarpio pab.;ŠALYJE;86305
2009-03-01 00:00:00;bedarbių vyrų sk. laikotarpio pab.;ŠALYJE;101319
2009-04-01 00:00:00;bedarbių vyrų sk. laikotarpio pab.;ŠALYJE;108999
2009-05-01 00:00:00;bedarbių vyrų sk. laikotarpio pab.;ŠALYJE;112729
2009-06-01 00:00:00;bedarbių vyrų sk. laikotarpio pab.;ŠALYJE;116086
2009-07-01 00:00:00;bedarbių vyrų sk. laikotarpio pab.;ŠALYJE;120922
2009-08-01 00:00:00;bedarbių vyrų sk. laikotarpio pab.;ŠALYJE;124621
2009-09-01 00:00:00;bedarbių vyrų sk. laikotarpio pab.;ŠALYJE;126233
2009-10-01 00:00:00;bedarbių vyrų sk. laikotarpio pab.;ŠALYJE;133920
2009-11-01 00:00:00;bedarbių vyrų sk. laikotarpio pab.;ŠALYJE;143667
2009-12-01 00:00:00;bedarbių vyrų sk. laikotarpio pab.;ŠALYJE;155414
2010-01-01 00:00:00;bedarbių vyrų sk. laikotarpio pab.;ŠALYJE;166715
2010-02-01 00:00:00;bedarbių vyrų sk. laikotarpio pab.;ŠALYJE;173974
2010-03-01 00:00:00;bedarbių vyrų sk. laikotarpio pab.;ŠALYJE;178036
2010-04-01 00:00:00;bedarbių vyrų sk. laikotarpio pab.;ŠALYJE;188412
2010-05-01 00:00:00;bedarbių vyrų sk. laikotarpio pab.;ŠALYJE;186488
2010-06-01 00:00:00;bedarbių vyrų sk. laikotarpio pab.;ŠALYJE;184342
2010-07-01 00:00:00;bedarbių vyrų sk. laikotarpio pab.;ŠALYJE;185711
2010-08-01 00:00:00;bedarbių vyrų sk. laikotarpio pab.;ŠALYJE;176992
2010-09-01 00:00:00;bedarbių vyrų sk. laikotarpio pab.;ŠALYJE;169973
2010-10-01 00:00:00;bedarbių vyrų sk. laikotarpio pab.;ŠALYJE;167177
2010-11-01 00:00:00;bedarbių vyrų sk. laikotarpio pab.;ŠALYJE;163804
2010-12-01 00:00:00;bedarbių vyrų sk. laikotarpio pab.;ŠALYJE;172199
2011-01-01 00:00:00;bedarbių vyrų sk. laikotarpio pab.;ŠALYJE;172637
2011-02-01 00:00:00;bedarbių vyrų sk. laikotarpio pab.;ŠALYJE;170227
2011-03-01 00:00:00;bedarbių vyrų sk. laikotarpio pab.;ŠALYJE;162144
2011-04-01 00:00:00;bedarbių vyrų sk. laikotarpio pab.;ŠALYJE;147438
2011-05-01 00:00:00;bedarbių vyrų sk. laikotarpio pab.;ŠALYJE;128546
2011-06-01 00:00:00;bedarbių vyrų sk. laikotarpio pab.;ŠALYJE;116940
2011-07-01 00:00:00;bedarbių vyrų sk. laikotarpio pab.;ŠALYJE;115726
2011-08-01 00:00:00;bedarbių vyrų sk. laikotarpio pab.;ŠALYJE;109551
2011-09-01 00:00:00;bedarbių vyrų sk. laikotarpio pab.;ŠALYJE;105906
2011-10-01 00:00:00;bedarbių vyrų sk. laikotarpio pab.;ŠALYJE;105012
2011-11-01 00:00:00;bedarbių vyrų sk. laikotarpio pab.;ŠALYJE;106303
2011-12-01 00:00:00;bedarbių vyrų sk. laikotarpio pab.;ŠALYJE;117499
2012-01-01 00:00:00;bedarbių vyrų sk. laikotarpio pab.;ŠALYJE;126775
2012-02-01 00:00:00;bedarbių vyrų sk. laikotarpio pab.;ŠALYJE;130711
2012-03-01 00:00:00;bedarbių vyrų sk. laikotarpio pab.;ŠALYJE;132102
2012-04-01 00:00:00;bedarbių vyrų sk. laikotarpio pab.;ŠALYJE;122291
2012-05-01 00:00:00;bedarbių vyrų sk. laikotarpio pab.;ŠALYJE;110878
2012-06-01 00:00:00;bedarbių vyrų sk. laikotarpio pab.;ŠALYJE;108066
2012-07-01 00:00:00;bedarbių vyrų sk. laikotarpio pab.;ŠALYJE;105815
2012-08-01 00:00:00;bedarbių vyrų sk. laikotarpio pab.;ŠALYJE;103385
2012-09-01 00:00:00;bedarbių vyrų sk. laikotarpio pab.;ŠALYJE;102115
2012-10-01 00:00:00;bedarbių vyrų sk. laikotarpio pab.;ŠALYJE;99037
2012-11-01 00:00:00;bedarbių vyrų sk. laikotarpio pab.;ŠALYJE;104704
2012-12-01 00:00:00;bedarbių vyrų sk. laikotarpio pab.;ŠALYJE;110331
2013-01-01 00:00:00;bedarbių vyrų sk. laikotarpio pab.;ŠALYJE;122768
2013-02-01 00:00:00;bedarbių vyrų sk. laikotarpio pab.;ŠALYJE;124188
2013-03-01 00:00:00;bedarbių vyrų sk. laikotarpio pab.;ŠALYJE;124453
2013-04-01 00:00:00;bedarbių vyrų sk. laikotarpio pab.;ŠALYJE;114180
2013-05-01 00:00:00;bedarbių vyrų sk. laikotarpio pab.;ŠALYJE;99611
2013-06-01 00:00:00;bedarbių vyrų sk. laikotarpio pab.;ŠALYJE;94848
2013-07-01 00:00:00;bedarbių vyrų sk. laikotarpio pab.;ŠALYJE;91500
2013-08-01 00:00:00;bedarbių vyrų sk. laikotarpio pab.;ŠALYJE;93465
2013-09-01 00:00:00;bedarbių vyrų sk. laikotarpio pab.;ŠALYJE;88715
2013-10-01 00:00:00;bedarbių vyrų sk. laikotarpio pab.;ŠALYJE;88905
2013-11-01 00:00:00;bedarbių vyrų sk. laikotarpio pab.;ŠALYJE;97256
2013-12-01 00:00:00;bedarbių vyrų sk. laikotarpio pab.;ŠALYJE;105301
2014-01-01 00:00:00;bedarbių vyrų sk. laikotarpio pab.;ŠALYJE;111655
2014-02-01 00:00:00;bedarbių vyrų sk. laikotarpio pab.;ŠALYJE;110928
2014-03-01 00:00:00;bedarbių vyrų sk. laikotarpio pab.;ŠALYJE;104333
2014-04-01 00:00:00;bedarbių vyrų sk. laikotarpio pab.;ŠALYJE;92619
2008-01-01 00:00:00;bedarbių sk. laikotarpio pabaigoje;ŠALYJE;76133
2008-02-01 00:00:00;bedarbių sk. laikotarpio pabaigoje;ŠALYJE;76994
2008-03-01 00:00:00;bedarbių sk. laikotarpio pabaigoje;ŠALYJE;75614
2008-04-01 00:00:00;bedarbių sk. laikotarpio pabaigoje;ŠALYJE;71156
2008-05-01 00:00:00;bedarbių sk. laikotarpio pabaigoje;ŠALYJE;67795
2008-06-01 00:00:00;bedarbių sk. laikotarpio pabaigoje;ŠALYJE;66181
2008-07-01 00:00:00;bedarbių sk. laikotarpio pabaigoje;ŠALYJE;69829
2008-08-01 00:00:00;bedarbių sk. laikotarpio pabaigoje;ŠALYJE;72202
2008-09-01 00:00:00;bedarbių sk. laikotarpio pabaigoje;ŠALYJE;65136
2008-10-01 00:00:00;bedarbių sk. laikotarpio pabaigoje;ŠALYJE;67520
2008-11-01 00:00:00;bedarbių sk. laikotarpio pabaigoje;ŠALYJE;77012
2008-12-01 00:00:00;bedarbių sk. laikotarpio pabaigoje;ŠALYJE;94984
2009-01-01 00:00:00;bedarbių sk. laikotarpio pabaigoje;ŠALYJE;124938
2019-02-01 00:00:00;vyresnių kaip 50 metų bed. sk.;ŠALYJE;64594
2019-03-01 00:00:00;vyresnių kaip 50 metų bed. sk.;ŠALYJE;64124
2019-04-01 00:00:00;vyresnių kaip 50 metų bed. sk.;ŠALYJE;60045
2019-05-01 00:00:00;vyresnių kaip 50 metų bed. sk.;ŠALYJE;57622
2019-06-01 00:00:00;vyresnių kaip 50 metų bed. sk.;ŠALYJE;57818
2019-07-01 00:00:00;vyresnių kaip 50 metų bed. sk.;ŠALYJE;56054
2019-08-01 00:00:00;vyresnių kaip 50 metų bed. sk.;ŠALYJE;57503
2019-09-01 00:00:00;vyresnių kaip 50 metų bed. sk.;ŠALYJE;55980
2019-10-01 00:00:00;vyresnių kaip 50 metų bed. sk.;ŠALYJE;55874
2019-11-01 00:00:00;vyresnių kaip 50 metų bed. sk.;ŠALYJE;58950
2019-12-01 00:00:00;vyresnių kaip 50 metų bed. sk.;ŠALYJE;61295
2020-01-01 00:00:00;vyresnių kaip 50 metų bed. sk.;ŠALYJE;64905
2020-02-01 00:00:00;vyresnių kaip 50 metų bed. sk.;ŠALYJE;66887
2020-03-01 00:00:00;vyresnių kaip 50 metų bed. sk.;ŠALYJE;68594
2019-02-01 00:00:00;bedarbių proc. nuo DAG;ŠALYJE;9.2
2019-03-01 00:00:00;bedarbių proc. nuo DAG;ŠALYJE;9
2019-04-01 00:00:00;bedarbių proc. nuo DAG;ŠALYJE;8.3
2019-05-01 00:00:00;bedarbių proc. nuo DAG;ŠALYJE;7.9
2019-06-01 00:00:00;bedarbių proc. nuo DAG;ŠALYJE;8
2019-07-01 00:00:00;bedarbių proc. nuo DAG;ŠALYJE;8
2019-08-01 00:00:00;bedarbių proc. nuo DAG;ŠALYJE;8.2
2019-09-01 00:00:00;bedarbių proc. nuo DAG;ŠALYJE;8
2019-10-01 00:00:00;bedarbių proc. nuo DAG;ŠALYJE;7.9
2019-11-01 00:00:00;bedarbių proc. nuo DAG;ŠALYJE;8.4
2019-12-01 00:00:00;bedarbių proc. nuo DAG;ŠALYJE;8.7
2020-01-01 00:00:00;bedarbių proc. nuo DAG;ŠALYJE;9.2
2020-02-01 00:00:00;bedarbių proc. nuo DAG;ŠALYJE;9.4
2020-03-01 00:00:00;bedarbių proc. nuo DAG;ŠALYJE;9.8
2019-02-01 00:00:00;bedarbių sk. laikotarpio pabaigoje;ŠALYJE;158706
2019-03-01 00:00:00;bedarbių sk. laikotarpio pabaigoje;ŠALYJE;155921
2019-04-01 00:00:00;bedarbių sk. laikotarpio pabaigoje;ŠALYJE;143002
2019-05-01 00:00:00;bedarbių sk. laikotarpio pabaigoje;ŠALYJE;136617
2019-06-01 00:00:00;bedarbių sk. laikotarpio pabaigoje;ŠALYJE;138469
2019-07-01 00:00:00;bedarbių sk. laikotarpio pabaigoje;ŠALYJE;137372
2019-08-01 00:00:00;bedarbių sk. laikotarpio pabaigoje;ŠALYJE;141481
2019-09-01 00:00:00;bedarbių sk. laikotarpio pabaigoje;ŠALYJE;137013
2019-10-01 00:00:00;bedarbių sk. laikotarpio pabaigoje;ŠALYJE;135992
2019-11-01 00:00:00;bedarbių sk. laikotarpio pabaigoje;ŠALYJE;144152
2019-12-01 00:00:00;bedarbių sk. laikotarpio pabaigoje;ŠALYJE;150469
2020-01-01 00:00:00;bedarbių sk. laikotarpio pabaigoje;ŠALYJE;157803
2020-02-01 00:00:00;bedarbių sk. laikotarpio pabaigoje;ŠALYJE;161594
2020-03-01 00:00:00;bedarbių sk. laikotarpio pabaigoje;ŠALYJE;169436
2019-02-01 00:00:00;ilgalaikiu_bed_sk_datai;ŠALYJE;40075
2019-03-01 00:00:00;ilgalaikiu_bed_sk_datai;ŠALYJE;39806
2019-04-01 00:00:00;ilgalaikiu_bed_sk_datai;ŠALYJE;36431
2019-05-01 00:00:00;ilgalaikiu_bed_sk_datai;ŠALYJE;33732
2019-06-01 00:00:00;ilgalaikiu_bed_sk_datai;ŠALYJE;32321
2019-07-01 00:00:00;ilgalaikiu_bed_sk_datai;ŠALYJE;30224
2019-08-01 00:00:00;ilgalaikiu_bed_sk_datai;ŠALYJE;30250
2019-09-01 00:00:00;ilgalaikiu_bed_sk_datai;ŠALYJE;28427
2019-10-01 00:00:00;ilgalaikiu_bed_sk_datai;ŠALYJE;27248
2019-11-01 00:00:00;ilgalaikiu_bed_sk_datai;ŠALYJE;27364
2019-12-01 00:00:00;ilgalaikiu_bed_sk_datai;ŠALYJE;26784
2020-01-01 00:00:00;ilgalaikiu_bed_sk_datai;ŠALYJE;27245
2020-02-01 00:00:00;ilgalaikiu_bed_sk_datai;ŠALYJE;27690
2020-03-01 00:00:00;ilgalaikiu_bed_sk_datai;ŠALYJE;29324
2019-02-01 00:00:00;jaunų (16-29 m.) bedarbių proc.nuo DAG;ŠALYJE;5.8
2019-03-01 00:00:00;jaunų (16-29 m.) bedarbių proc.nuo DAG;ŠALYJE;5.6
2019-04-01 00:00:00;jaunų (16-29 m.) bedarbių proc.nuo DAG;ŠALYJE;5
2019-05-01 00:00:00;jaunų (16-29 m.) bedarbių proc.nuo DAG;ŠALYJE;4.9
2019-06-01 00:00:00;jaunų (16-29 m.) bedarbių proc.nuo DAG;ŠALYJE;5
2019-07-01 00:00:00;jaunų (16-29 m.) bedarbių proc.nuo DAG;ŠALYJE;5.4
2019-08-01 00:00:00;jaunų (16-29 m.) bedarbių proc.nuo DAG;ŠALYJE;5.5
2019-09-01 00:00:00;jaunų (16-29 m.) bedarbių proc.nuo DAG;ŠALYJE;5.5
2019-10-01 00:00:00;jaunų (16-29 m.) bedarbių proc.nuo DAG;ŠALYJE;5.4
2019-11-01 00:00:00;jaunų (16-29 m.) bedarbių proc.nuo DAG;ŠALYJE;5.6
2019-12-01 00:00:00;jaunų (16-29 m.) bedarbių proc.nuo DAG;ŠALYJE;5.9
2020-01-01 00:00:00;jaunų (16-29 m.) bedarbių proc.nuo DAG;ŠALYJE;6.2
2020-02-01 00:00:00;jaunų (16-29 m.) bedarbių proc.nuo DAG;ŠALYJE;6.2
2020-03-01 00:00:00;jaunų (16-29 m.) bedarbių proc.nuo DAG;ŠALYJE;6.9
2019-02-01 00:00:00;laisvų darbo vietų sk. laikotarpio pabaigoje;ŠALYJE;8315
2019-03-01 00:00:00;laisvų darbo vietų sk. laikotarpio pabaigoje;ŠALYJE;8703
2019-04-01 00:00:00;laisvų darbo vietų sk. laikotarpio pabaigoje;ŠALYJE;9802
2019-05-01 00:00:00;laisvų darbo vietų sk. laikotarpio pabaigoje;ŠALYJE;9240
2019-06-01 00:00:00;laisvų darbo vietų sk. laikotarpio pabaigoje;ŠALYJE;8079
2019-07-01 00:00:00;laisvų darbo vietų sk. laikotarpio pabaigoje;ŠALYJE;10277
2019-08-01 00:00:00;laisvų darbo vietų sk. laikotarpio pabaigoje;ŠALYJE;9489
2019-09-01 00:00:00;laisvų darbo vietų sk. laikotarpio pabaigoje;ŠALYJE;8903
2019-10-01 00:00:00;laisvų darbo vietų sk. laikotarpio pabaigoje;ŠALYJE;10043
2019-11-01 00:00:00;laisvų darbo vietų sk. laikotarpio pabaigoje;ŠALYJE;6815
2019-12-01 00:00:00;laisvų darbo vietų sk. laikotarpio pabaigoje;ŠALYJE;4527
2020-01-01 00:00:00;laisvų darbo vietų sk. laikotarpio pabaigoje;ŠALYJE;9437
2020-02-01 00:00:00;laisvų darbo vietų sk. laikotarpio pabaigoje;ŠALYJE;7044
2020-03-01 00:00:00;laisvų darbo vietų sk. laikotarpio pabaigoje;ŠALYJE;4100
2019-02-01 00:00:00;bedarbių moterų proc. nuo DA moterų;ŠALYJE;8.7
2019-03-01 00:00:00;bedarbių moterų proc. nuo DA moterų;ŠALYJE;8.6
2019-04-01 00:00:00;bedarbių moterų proc. nuo DA moterų;ŠALYJE;8.1
2019-05-01 00:00:00;bedarbių moterų proc. nuo DA moterų;ŠALYJE;7.9
2019-06-01 00:00:00;bedarbių moterų proc. nuo DA moterų;ŠALYJE;8.1
2019-07-01 00:00:00;bedarbių moterų proc. nuo DA moterų;ŠALYJE;8.2
2019-08-01 00:00:00;bedarbių moterų proc. nuo DA moterų;ŠALYJE;8.3
2019-09-01 00:00:00;bedarbių moterų proc. nuo DA moterų;ŠALYJE;8.1
2019-10-01 00:00:00;bedarbių moterų proc. nuo DA moterų;ŠALYJE;8
2019-11-01 00:00:00;bedarbių moterų proc. nuo DA moterų;ŠALYJE;8.3
2019-12-01 00:00:00;bedarbių moterų proc. nuo DA moterų;ŠALYJE;8.5
2020-01-01 00:00:00;bedarbių moterų proc. nuo DA moterų;ŠALYJE;8.8
2020-02-01 00:00:00;bedarbių moterų proc. nuo DA moterų;ŠALYJE;9
2020-03-01 00:00:00;bedarbių moterų proc. nuo DA moterų;ŠALYJE;9.6
2019-02-01 00:00:00;bedarbių moterų sk. laikotarpio pab.;ŠALYJE;75617
2019-03-01 00:00:00;bedarbių moterų sk. laikotarpio pab.;ŠALYJE;75131
2019-04-01 00:00:00;bedarbių moterų sk. laikotarpio pab.;ŠALYJE;70505
2019-05-01 00:00:00;bedarbių moterų sk. laikotarpio pab.;ŠALYJE;68081
2019-06-01 00:00:00;bedarbių moterų sk. laikotarpio pab.;ŠALYJE;69421
2019-07-01 00:00:00;bedarbių moterų sk. laikotarpio pab.;ŠALYJE;70384
2019-08-01 00:00:00;bedarbių moterų sk. laikotarpio pab.;ŠALYJE;71410
2019-09-01 00:00:00;bedarbių moterų sk. laikotarpio pab.;ŠALYJE;69509
2019-10-01 00:00:00;bedarbių moterų sk. laikotarpio pab.;ŠALYJE;68947
2019-11-01 00:00:00;bedarbių moterų sk. laikotarpio pab.;ŠALYJE;71609
2019-12-01 00:00:00;bedarbių moterų sk. laikotarpio pab.;ŠALYJE;72966
2020-01-01 00:00:00;bedarbių moterų sk. laikotarpio pab.;ŠALYJE;75945
2020-02-01 00:00:00;bedarbių moterų sk. laikotarpio pab.;ŠALYJE;77322
2020-03-01 00:00:00;bedarbių moterų sk. laikotarpio pab.;ŠALYJE;82230
2019-02-01 00:00:00;bedarbių vyrų proc. nuo DA vyrų;ŠALYJE;9.6
2019-03-01 00:00:00;bedarbių vyrų proc. nuo DA vyrų;ŠALYJE;9.4
2019-04-01 00:00:00;bedarbių vyrų proc. nuo DA vyrų;ŠALYJE;8.4
2019-05-01 00:00:00;bedarbių vyrų proc. nuo DA vyrų;ŠALYJE;8
2019-06-01 00:00:00;bedarbių vyrų proc. nuo DA vyrų;ŠALYJE;8
2019-07-01 00:00:00;bedarbių vyrų proc. nuo DA vyrų;ŠALYJE;7.8
2019-08-01 00:00:00;bedarbių vyrų proc. nuo DA vyrų;ŠALYJE;8.1
2019-09-01 00:00:00;bedarbių vyrų proc. nuo DA vyrų;ŠALYJE;7.8
2019-10-01 00:00:00;bedarbių vyrų proc. nuo DA vyrų;ŠALYJE;7.8
2019-11-01 00:00:00;bedarbių vyrų proc. nuo DA vyrų;ŠALYJE;8.4
2019-12-01 00:00:00;bedarbių vyrų proc. nuo DA vyrų;ŠALYJE;9
2020-01-01 00:00:00;bedarbių vyrų proc. nuo DA vyrų;ŠALYJE;9.5
2020-02-01 00:00:00;bedarbių vyrų proc. nuo DA vyrų;ŠALYJE;9.8
2020-03-01 00:00:00;bedarbių vyrų proc. nuo DA vyrų;ŠALYJE;10.1
2019-02-01 00:00:00;bedarbių vyrų sk. laikotarpio pab.;ŠALYJE;83089
2019-03-01 00:00:00;bedarbių vyrų sk. laikotarpio pab.;ŠALYJE;80790
2019-04-01 00:00:00;bedarbių vyrų sk. laikotarpio pab.;ŠALYJE;72497
2019-05-01 00:00:00;bedarbių vyrų sk. laikotarpio pab.;ŠALYJE;68536
2019-06-01 00:00:00;bedarbių vyrų sk. laikotarpio pab.;ŠALYJE;69048
2019-07-01 00:00:00;bedarbių vyrų sk. laikotarpio pab.;ŠALYJE;66988
2019-08-01 00:00:00;bedarbių vyrų sk. laikotarpio pab.;ŠALYJE;70071
2019-09-01 00:00:00;bedarbių vyrų sk. laikotarpio pab.;ŠALYJE;67504
2019-10-01 00:00:00;bedarbių vyrų sk. laikotarpio pab.;ŠALYJE;67045
2019-11-01 00:00:00;bedarbių vyrų sk. laikotarpio pab.;ŠALYJE;72543
2019-12-01 00:00:00;bedarbių vyrų sk. laikotarpio pab.;ŠALYJE;77503
2020-01-01 00:00:00;bedarbių vyrų sk. laikotarpio pab.;ŠALYJE;81858
2020-02-01 00:00:00;bedarbių vyrų sk. laikotarpio pab.;ŠALYJE;84272
2020-03-01 00:00:00;bedarbių vyrų sk. laikotarpio pab.;ŠALYJE;87206
2018-01-01 00:00:00;vyresnių kaip 50 metų bed. sk.;ŠALYJE;64168
2018-02-01 00:00:00;vyresnių kaip 50 metų bed. sk.;ŠALYJE;65253
2018-03-01 00:00:00;vyresnių kaip 50 metų bed. sk.;ŠALYJE;66038
2018-04-01 00:00:00;vyresnių kaip 50 metų bed. sk.;ŠALYJE;62839
2018-05-01 00:00:00;vyresnių kaip 50 metų bed. sk.;ŠALYJE;58914
2018-06-01 00:00:00;vyresnių kaip 50 metų bed. sk.;ŠALYJE;59475
2018-07-01 00:00:00;vyresnių kaip 50 metų bed. sk.;ŠALYJE;58315
2018-08-01 00:00:00;vyresnių kaip 50 metų bed. sk.;ŠALYJE;57665
2018-09-01 00:00:00;vyresnių kaip 50 metų bed. sk.;ŠALYJE;58515
2018-10-01 00:00:00;vyresnių kaip 50 metų bed. sk.;ŠALYJE;56485
2018-11-01 00:00:00;vyresnių kaip 50 metų bed. sk.;ŠALYJE;58228
2018-12-01 00:00:00;vyresnių kaip 50 metų bed. sk.;ŠALYJE;62644
2019-01-01 00:00:00;vyresnių kaip 50 metų bed. sk.;ŠALYJE;64460
2014-05-01 00:00:00;bedarbių vyrų sk. laikotarpio pab.;ŠALYJE;85421
2014-06-01 00:00:00;bedarbių vyrų sk. laikotarpio pab.;ŠALYJE;77182
2014-07-01 00:00:00;bedarbių vyrų sk. laikotarpio pab.;ŠALYJE;77280
2014-08-01 00:00:00;bedarbių vyrų sk. laikotarpio pab.;ŠALYJE;78630
2014-09-01 00:00:00;bedarbių vyrų sk. laikotarpio pab.;ŠALYJE;73400
2014-10-01 00:00:00;bedarbių vyrų sk. laikotarpio pab.;ŠALYJE;73537
2014-11-01 00:00:00;bedarbių vyrų sk. laikotarpio pab.;ŠALYJE;79456
2014-12-01 00:00:00;bedarbių vyrų sk. laikotarpio pab.;ŠALYJE;87073
2015-01-01 00:00:00;bedarbių vyrų sk. laikotarpio pab.;ŠALYJE;92142
2015-02-01 00:00:00;bedarbių vyrų sk. laikotarpio pab.;ŠALYJE;92392
2015-03-01 00:00:00;bedarbių vyrų sk. laikotarpio pab.;ŠALYJE;86120
2015-04-01 00:00:00;bedarbių vyrų sk. laikotarpio pab.;ŠALYJE;79354
2015-05-01 00:00:00;bedarbių vyrų sk. laikotarpio pab.;ŠALYJE;78931
2015-06-01 00:00:00;bedarbių vyrų sk. laikotarpio pab.;ŠALYJE;77633
2015-07-01 00:00:00;bedarbių vyrų sk. laikotarpio pab.;ŠALYJE;77182
2015-08-01 00:00:00;bedarbių vyrų sk. laikotarpio pab.;ŠALYJE;75394
2015-09-01 00:00:00;bedarbių vyrų sk. laikotarpio pab.;ŠALYJE;72481
2015-10-01 00:00:00;bedarbių vyrų sk. laikotarpio pab.;ŠALYJE;75611
2015-11-01 00:00:00;bedarbių vyrų sk. laikotarpio pab.;ŠALYJE;77014
2015-12-01 00:00:00;bedarbių vyrų sk. laikotarpio pab.;ŠALYJE;84983
2016-01-01 00:00:00;bedarbių vyrų sk. laikotarpio pab.;ŠALYJE;90459
2016-02-01 00:00:00;bedarbių vyrų sk. laikotarpio pab.;ŠALYJE;89468
2016-03-01 00:00:00;bedarbių vyrų sk. laikotarpio pab.;ŠALYJE;85834
2016-04-01 00:00:00;bedarbių vyrų sk. laikotarpio pab.;ŠALYJE;79308
2016-05-01 00:00:00;bedarbių vyrų sk. laikotarpio pab.;ŠALYJE;70402
2016-06-01 00:00:00;bedarbių vyrų sk. laikotarpio pab.;ŠALYJE;66954
2016-07-01 00:00:00;bedarbių vyrų sk. laikotarpio pab.;ŠALYJE;69949
2016-08-01 00:00:00;bedarbių vyrų sk. laikotarpio pab.;ŠALYJE;66344
2016-09-01 00:00:00;bedarbių vyrų sk. laikotarpio pab.;ŠALYJE;64214
2016-10-01 00:00:00;bedarbių vyrų sk. laikotarpio pab.;ŠALYJE;64983
2016-11-01 00:00:00;bedarbių vyrų sk. laikotarpio pab.;ŠALYJE;68974
2016-12-01 00:00:00;bedarbių vyrų sk. laikotarpio pab.;ŠALYJE;80290
2017-01-01 00:00:00;bedarbių vyrų sk. laikotarpio pab.;ŠALYJE;83257
2017-02-01 00:00:00;bedarbių vyrų sk. laikotarpio pab.;ŠALYJE;84557
2017-03-01 00:00:00;bedarbių vyrų sk. laikotarpio pab.;ŠALYJE;79266
2017-04-01 00:00:00;bedarbių vyrų sk. laikotarpio pab.;ŠALYJE;74057
2017-05-01 00:00:00;bedarbių vyrų sk. laikotarpio pab.;ŠALYJE;66793
2017-06-01 00:00:00;bedarbių vyrų sk. laikotarpio pab.;ŠALYJE;65996
2017-07-01 00:00:00;bedarbių vyrų sk. laikotarpio pab.;ŠALYJE;68173
2017-08-01 00:00:00;bedarbių vyrų sk. laikotarpio pab.;ŠALYJE;66700
2017-09-01 00:00:00;bedarbių vyrų sk. laikotarpio pab.;ŠALYJE;66787
2017-10-01 00:00:00;bedarbių vyrų sk. laikotarpio pab.;ŠALYJE;65778
2017-11-01 00:00:00;bedarbių vyrų sk. laikotarpio pab.;ŠALYJE;69061
2017-12-01 00:00:00;bedarbių vyrų sk. laikotarpio pab.;ŠALYJE;80018
2018-01-01 00:00:00;bedarbių vyrų sk. laikotarpio pab.;ŠALYJE;84073
2018-02-01 00:00:00;bedarbių vyrų sk. laikotarpio pab.;ŠALYJE;85613
2018-03-01 00:00:00;bedarbių vyrų sk. laikotarpio pab.;ŠALYJE;86597
2018-04-01 00:00:00;bedarbių vyrų sk. laikotarpio pab.;ŠALYJE;78260
2018-05-01 00:00:00;bedarbių vyrų sk. laikotarpio pab.;ŠALYJE;71022
2018-06-01 00:00:00;bedarbių vyrų sk. laikotarpio pab.;ŠALYJE;72146
2018-07-01 00:00:00;bedarbių vyrų sk. laikotarpio pab.;ŠALYJE;70095
2018-08-01 00:00:00;bedarbių vyrų sk. laikotarpio pab.;ŠALYJE;69092
2018-09-01 00:00:00;bedarbių vyrų sk. laikotarpio pab.;ŠALYJE;71588
2018-10-01 00:00:00;bedarbių vyrų sk. laikotarpio pab.;ŠALYJE;67436
2018-11-01 00:00:00;bedarbių vyrų sk. laikotarpio pab.;ŠALYJE;70639
2018-12-01 00:00:00;bedarbių vyrų sk. laikotarpio pab.;ŠALYJE;79214
2019-01-01 00:00:00;bedarbių vyrų sk. laikotarpio pab.;ŠALYJE;83257
2015-09-01 00:00:00;bedarbių vyrų proc. nuo DA vyrų;ŠALYJE;8.1
2015-01-01 00:00:00;bedarbių sk. laikotarpio pabaigoje;ŠALYJE;174916
2015-02-01 00:00:00;bedarbių sk. laikotarpio pabaigoje;ŠALYJE;174446
2015-03-01 00:00:00;bedarbių sk. laikotarpio pabaigoje;ŠALYJE;165938
2015-04-01 00:00:00;bedarbių sk. laikotarpio pabaigoje;ŠALYJE;155599
2015-05-01 00:00:00;bedarbių sk. laikotarpio pabaigoje;ŠALYJE;154634
2015-06-01 00:00:00;bedarbių sk. laikotarpio pabaigoje;ŠALYJE;153314
2015-07-01 00:00:00;bedarbių sk. laikotarpio pabaigoje;ŠALYJE;155029
2015-08-01 00:00:00;bedarbių sk. laikotarpio pabaigoje;ŠALYJE;153279
2015-09-01 00:00:00;bedarbių sk. laikotarpio pabaigoje;ŠALYJE;146442
2015-10-01 00:00:00;bedarbių sk. laikotarpio pabaigoje;ŠALYJE;150072
2015-11-01 00:00:00;bedarbių sk. laikotarpio pabaigoje;ŠALYJE;151556
2015-12-01 00:00:00;bedarbių sk. laikotarpio pabaigoje;ŠALYJE;162608
2016-01-01 00:00:00;bedarbių sk. laikotarpio pabaigoje;ŠALYJE;169459
2016-02-01 00:00:00;bedarbių sk. laikotarpio pabaigoje;ŠALYJE;167391
2016-03-01 00:00:00;bedarbių sk. laikotarpio pabaigoje;ŠALYJE;160795
2016-04-01 00:00:00;bedarbių sk. laikotarpio pabaigoje;ŠALYJE;150354
2016-05-01 00:00:00;bedarbių sk. laikotarpio pabaigoje;ŠALYJE;136718
2016-06-01 00:00:00;bedarbių sk. laikotarpio pabaigoje;ŠALYJE;132868
2016-07-01 00:00:00;bedarbių sk. laikotarpio pabaigoje;ŠALYJE;139407
2016-08-01 00:00:00;bedarbių sk. laikotarpio pabaigoje;ŠALYJE;134942
2016-09-01 00:00:00;bedarbių sk. laikotarpio pabaigoje;ŠALYJE;129012
2016-10-01 00:00:00;bedarbių sk. laikotarpio pabaigoje;ŠALYJE;130107
2016-11-01 00:00:00;bedarbių sk. laikotarpio pabaigoje;ŠALYJE;135339
2016-12-01 00:00:00;bedarbių sk. laikotarpio pabaigoje;ŠALYJE;151978
2017-01-01 00:00:00;bedarbių sk. laikotarpio pabaigoje;ŠALYJE;155214
2017-02-01 00:00:00;bedarbių sk. laikotarpio pabaigoje;ŠALYJE;156686
2017-03-01 00:00:00;bedarbių sk. laikotarpio pabaigoje;ŠALYJE;148584
2017-04-01 00:00:00;bedarbių sk. laikotarpio pabaigoje;ŠALYJE;141197
2017-05-01 00:00:00;bedarbių sk. laikotarpio pabaigoje;ŠALYJE;129233
2017-06-01 00:00:00;bedarbių sk. laikotarpio pabaigoje;ŠALYJE;128818
2017-07-01 00:00:00;bedarbių sk. laikotarpio pabaigoje;ŠALYJE;134117
2017-08-01 00:00:00;bedarbių sk. laikotarpio pabaigoje;ŠALYJE;132514
2017-09-01 00:00:00;bedarbių sk. laikotarpio pabaigoje;ŠALYJE;131092
2017-10-01 00:00:00;bedarbių sk. laikotarpio pabaigoje;ŠALYJE;130398
2017-11-01 00:00:00;bedarbių sk. laikotarpio pabaigoje;ŠALYJE;135045
2017-12-01 00:00:00;bedarbių sk. laikotarpio pabaigoje;ŠALYJE;152481
2018-01-01 00:00:00;bedarbių sk. laikotarpio pabaigoje;ŠALYJE;158500
2018-02-01 00:00:00;bedarbių sk. laikotarpio pabaigoje;ŠALYJE;160931
2018-03-01 00:00:00;bedarbių sk. laikotarpio pabaigoje;ŠALYJE;162200
2018-04-01 00:00:00;bedarbių sk. laikotarpio pabaigoje;ŠALYJE;151338
2018-05-01 00:00:00;bedarbių sk. laikotarpio pabaigoje;ŠALYJE;140246
2018-06-01 00:00:00;bedarbių sk. laikotarpio pabaigoje;ŠALYJE;143082
2018-07-01 00:00:00;bedarbių sk. laikotarpio pabaigoje;ŠALYJE;142660
2018-08-01 00:00:00;bedarbių sk. laikotarpio pabaigoje;ŠALYJE;141640
2018-09-01 00:00:00;bedarbių sk. laikotarpio pabaigoje;ŠALYJE;144222
2018-10-01 00:00:00;bedarbių sk. laikotarpio pabaigoje;ŠALYJE;137626
2018-11-01 00:00:00;bedarbių sk. laikotarpio pabaigoje;ŠALYJE;142034
2018-12-01 00:00:00;bedarbių sk. laikotarpio pabaigoje;ŠALYJE;154430
2019-01-01 00:00:00;bedarbių sk. laikotarpio pabaigoje;ŠALYJE;159581
2008-01-01 00:00:00;bedarbių, gaunančių NDI, sk.;ŠALYJE;22372
2008-02-01 00:00:00;bedarbių, gaunančių NDI, sk.;ŠALYJE;23111
2008-03-01 00:00:00;bedarbių, gaunančių NDI, sk.;ŠALYJE;22895
2008-04-01 00:00:00;bedarbių, gaunančių NDI, sk.;ŠALYJE;22175
2008-05-01 00:00:00;bedarbių, gaunančių NDI, sk.;ŠALYJE;22062
2008-06-01 00:00:00;bedarbių, gaunančių NDI, sk.;ŠALYJE;22884
2008-07-01 00:00:00;bedarbių, gaunančių NDI, sk.;ŠALYJE;23817
2008-08-01 00:00:00;bedarbių, gaunančių NDI, sk.;ŠALYJE;23935
2008-09-01 00:00:00;bedarbių, gaunančių NDI, sk.;ŠALYJE;20418
2008-10-01 00:00:00;bedarbių, gaunančių NDI, sk.;ŠALYJE;20425
2008-11-01 00:00:00;bedarbių, gaunančių NDI, sk.;ŠALYJE;23665
2008-12-01 00:00:00;bedarbių, gaunančių NDI, sk.;ŠALYJE;32642
2009-01-01 00:00:00;bedarbių, gaunančių NDI, sk.;ŠALYJE;42804
2009-02-01 00:00:00;bedarbių, gaunančių NDI, sk.;ŠALYJE;55245
2009-03-01 00:00:00;bedarbių, gaunančių NDI, sk.;ŠALYJE;68956
2009-04-01 00:00:00;bedarbių, gaunančių NDI, sk.;ŠALYJE;77140
2009-05-01 00:00:00;bedarbių, gaunančių NDI, sk.;ŠALYJE;80871
2009-06-01 00:00:00;bedarbių, gaunančių NDI, sk.;ŠALYJE;80485
2009-07-01 00:00:00;bedarbių, gaunančių NDI, sk.;ŠALYJE;79256
2009-08-01 00:00:00;bedarbių, gaunančių NDI, sk.;ŠALYJE;75157
2009-09-01 00:00:00;bedarbių, gaunančių NDI, sk.;ŠALYJE;69717
2009-10-01 00:00:00;bedarbių, gaunančių NDI, sk.;ŠALYJE;69476
2009-11-01 00:00:00;bedarbių, gaunančių NDI, sk.;ŠALYJE;71087
2009-12-01 00:00:00;bedarbių, gaunančių NDI, sk.;ŠALYJE;74145
2010-01-01 00:00:00;bedarbių, gaunančių NDI, sk.;ŠALYJE;72246
2010-02-01 00:00:00;bedarbių, gaunančių NDI, sk.;ŠALYJE;70470
2010-03-01 00:00:00;bedarbių, gaunančių NDI, sk.;ŠALYJE;68039
2010-04-01 00:00:00;bedarbių, gaunančių NDI, sk.;ŠALYJE;62937
2010-05-01 00:00:00;bedarbių, gaunančių NDI, sk.;ŠALYJE;58027
2010-06-01 00:00:00;bedarbių, gaunančių NDI, sk.;ŠALYJE;54548
2010-07-01 00:00:00;bedarbių, gaunančių NDI, sk.;ŠALYJE;53127
2010-08-01 00:00:00;bedarbių, gaunančių NDI, sk.;ŠALYJE;50302
2010-09-01 00:00:00;bedarbių, gaunančių NDI, sk.;ŠALYJE;47547
2010-10-01 00:00:00;bedarbių, gaunančių NDI, sk.;ŠALYJE;46441
2010-11-01 00:00:00;bedarbių, gaunančių NDI, sk.;ŠALYJE;45561
2010-12-01 00:00:00;bedarbių, gaunančių NDI, sk.;ŠALYJE;47270
2011-01-01 00:00:00;bedarbių, gaunančių NDI, sk.;ŠALYJE;46691
2011-02-01 00:00:00;bedarbių, gaunančių NDI, sk.;ŠALYJE;45056
2011-03-01 00:00:00;bedarbių, gaunančių NDI, sk.;ŠALYJE;42044
2011-04-01 00:00:00;bedarbių, gaunančių NDI, sk.;ŠALYJE;37094
2011-05-01 00:00:00;bedarbių, gaunančių NDI, sk.;ŠALYJE;33272
2011-06-01 00:00:00;bedarbių, gaunančių NDI, sk.;ŠALYJE;31698
2011-07-01 00:00:00;bedarbių, gaunančių NDI, sk.;ŠALYJE;31611
2011-08-01 00:00:00;bedarbių, gaunančių NDI, sk.;ŠALYJE;30999
2011-09-01 00:00:00;bedarbių, gaunančių NDI, sk.;ŠALYJE;30185
2011-10-01 00:00:00;bedarbių, gaunančių NDI, sk.;ŠALYJE;31023
2011-11-01 00:00:00;bedarbių, gaunančių NDI, sk.;ŠALYJE;31906
2011-12-01 00:00:00;bedarbių, gaunančių NDI, sk.;ŠALYJE;36262
2012-01-01 00:00:00;bedarbių, gaunančių NDI, sk.;ŠALYJE;37988
2012-02-01 00:00:00;bedarbių, gaunančių NDI, sk.;ŠALYJE;38870
2012-03-01 00:00:00;bedarbių, gaunančių NDI, sk.;ŠALYJE;38318
2012-04-01 00:00:00;bedarbių, gaunančių NDI, sk.;ŠALYJE;35929
2012-05-01 00:00:00;bedarbių, gaunančių NDI, sk.;ŠALYJE;33590
2012-06-01 00:00:00;bedarbių, gaunančių NDI, sk.;ŠALYJE;33455
2012-07-01 00:00:00;bedarbių, gaunančių NDI, sk.;ŠALYJE;33217
2012-08-01 00:00:00;bedarbių, gaunančių NDI, sk.;ŠALYJE;32983
2012-09-01 00:00:00;bedarbių, gaunančių NDI, sk.;ŠALYJE;32345
2012-10-01 00:00:00;bedarbių, gaunančių NDI, sk.;ŠALYJE;32691
2012-11-01 00:00:00;bedarbių, gaunančių NDI, sk.;ŠALYJE;34008
2012-12-01 00:00:00;bedarbių, gaunančių NDI, sk.;ŠALYJE;36693
2008-01-01 00:00:00;ilgalaikiu_bed_sk_datai;ŠALYJE;6259
2008-02-01 00:00:00;ilgalaikiu_bed_sk_datai;ŠALYJE;6132
2008-03-01 00:00:00;ilgalaikiu_bed_sk_datai;ŠALYJE;5480
2008-04-01 00:00:00;ilgalaikiu_bed_sk_datai;ŠALYJE;4351
2008-05-01 00:00:00;ilgalaikiu_bed_sk_datai;ŠALYJE;3585
2008-06-01 00:00:00;ilgalaikiu_bed_sk_datai;ŠALYJE;2909
2008-07-01 00:00:00;ilgalaikiu_bed_sk_datai;ŠALYJE;2777
2008-08-01 00:00:00;ilgalaikiu_bed_sk_datai;ŠALYJE;2877
2008-09-01 00:00:00;ilgalaikiu_bed_sk_datai;ŠALYJE;2492
2008-10-01 00:00:00;ilgalaikiu_bed_sk_datai;ŠALYJE;2565
2008-11-01 00:00:00;ilgalaikiu_bed_sk_datai;ŠALYJE;2815
2008-12-01 00:00:00;ilgalaikiu_bed_sk_datai;ŠALYJE;3055
2009-01-01 00:00:00;ilgalaikiu_bed_sk_datai;ŠALYJE;3720
2009-02-01 00:00:00;ilgalaikiu_bed_sk_datai;ŠALYJE;4548
2009-03-01 00:00:00;ilgalaikiu_bed_sk_datai;ŠALYJE;5794
2009-04-01 00:00:00;ilgalaikiu_bed_sk_datai;ŠALYJE;7194
2009-05-01 00:00:00;ilgalaikiu_bed_sk_datai;ŠALYJE;9100
2009-06-01 00:00:00;ilgalaikiu_bed_sk_datai;ŠALYJE;11226
2009-07-01 00:00:00;ilgalaikiu_bed_sk_datai;ŠALYJE;14216
2009-08-01 00:00:00;ilgalaikiu_bed_sk_datai;ŠALYJE;17817
2009-09-01 00:00:00;ilgalaikiu_bed_sk_datai;ŠALYJE;20673
2009-10-01 00:00:00;ilgalaikiu_bed_sk_datai;ŠALYJE;25079
2009-11-01 00:00:00;ilgalaikiu_bed_sk_datai;ŠALYJE;30487
2009-12-01 00:00:00;ilgalaikiu_bed_sk_datai;ŠALYJE;38669
2010-01-01 00:00:00;ilgalaikiu_bed_sk_datai;ŠALYJE;51779
2010-02-01 00:00:00;ilgalaikiu_bed_sk_datai;ŠALYJE;63807
2010-03-01 00:00:00;ilgalaikiu_bed_sk_datai;ŠALYJE;76760
2010-04-01 00:00:00;ilgalaikiu_bed_sk_datai;ŠALYJE;86079
2010-05-01 00:00:00;ilgalaikiu_bed_sk_datai;ŠALYJE;93483
2010-06-01 00:00:00;ilgalaikiu_bed_sk_datai;ŠALYJE;99391
2010-07-01 00:00:00;ilgalaikiu_bed_sk_datai;ŠALYJE;106797
2010-08-01 00:00:00;ilgalaikiu_bed_sk_datai;ŠALYJE;108630
2010-09-01 00:00:00;ilgalaikiu_bed_sk_datai;ŠALYJE;110589
2010-10-01 00:00:00;ilgalaikiu_bed_sk_datai;ŠALYJE;116416
2010-11-01 00:00:00;ilgalaikiu_bed_sk_datai;ŠALYJE;120236
2010-12-01 00:00:00;ilgalaikiu_bed_sk_datai;ŠALYJE;129960
2011-01-01 00:00:00;ilgalaikiu_bed_sk_datai;ŠALYJE;137061
2011-02-01 00:00:00;ilgalaikiu_bed_sk_datai;ŠALYJE;140681
2011-03-01 00:00:00;ilgalaikiu_bed_sk_datai;ŠALYJE;140685
2011-04-01 00:00:00;ilgalaikiu_bed_sk_datai;ŠALYJE;140083
2011-05-01 00:00:00;ilgalaikiu_bed_sk_datai;ŠALYJE;127572
2011-06-01 00:00:00;ilgalaikiu_bed_sk_datai;ŠALYJE;116988
2011-07-01 00:00:00;ilgalaikiu_bed_sk_datai;ŠALYJE;112723
2011-08-01 00:00:00;ilgalaikiu_bed_sk_datai;ŠALYJE;102316
2011-09-01 00:00:00;ilgalaikiu_bed_sk_datai;ŠALYJE;97675
2011-10-01 00:00:00;ilgalaikiu_bed_sk_datai;ŠALYJE;94665
2011-11-01 00:00:00;ilgalaikiu_bed_sk_datai;ŠALYJE;90815
2011-12-01 00:00:00;ilgalaikiu_bed_sk_datai;ŠALYJE;93353
2012-01-01 00:00:00;ilgalaikiu_bed_sk_datai;ŠALYJE;91982
2012-02-01 00:00:00;ilgalaikiu_bed_sk_datai;ŠALYJE;88452
2012-03-01 00:00:00;ilgalaikiu_bed_sk_datai;ŠALYJE;83556
2012-04-01 00:00:00;ilgalaikiu_bed_sk_datai;ŠALYJE;75158
2012-05-01 00:00:00;ilgalaikiu_bed_sk_datai;ŠALYJE;66606
2012-06-01 00:00:00;ilgalaikiu_bed_sk_datai;ŠALYJE;62937
2012-07-01 00:00:00;ilgalaikiu_bed_sk_datai;ŠALYJE;59267
2012-08-01 00:00:00;ilgalaikiu_bed_sk_datai;ŠALYJE;57022
2012-09-01 00:00:00;ilgalaikiu_bed_sk_datai;ŠALYJE;54571
2012-10-01 00:00:00;ilgalaikiu_bed_sk_datai;ŠALYJE;50219
2012-11-01 00:00:00;ilgalaikiu_bed_sk_datai;ŠALYJE;50348
2012-12-01 00:00:00;ilgalaikiu_bed_sk_datai;ŠALYJE;50954
2013-01-01 00:00:00;ilgalaikiu_bed_sk_datai;ŠALYJE;55244
2013-02-01 00:00:00;ilgalaikiu_bed_sk_datai;ŠALYJE;58159
2013-03-01 00:00:00;ilgalaikiu_bed_sk_datai;ŠALYJE;61938
2013-04-01 00:00:00;ilgalaikiu_bed_sk_datai;ŠALYJE;59990
2013-05-01 00:00:00;ilgalaikiu_bed_sk_datai;ŠALYJE;55972
2013-06-01 00:00:00;ilgalaikiu_bed_sk_datai;ŠALYJE;55237
2013-07-01 00:00:00;ilgalaikiu_bed_sk_datai;ŠALYJE;53848
2013-08-01 00:00:00;ilgalaikiu_bed_sk_datai;ŠALYJE;55945
2013-09-01 00:00:00;ilgalaikiu_bed_sk_datai;ŠALYJE;53890
2013-10-01 00:00:00;ilgalaikiu_bed_sk_datai;ŠALYJE;54226
2013-11-01 00:00:00;ilgalaikiu_bed_sk_datai;ŠALYJE;58739
2013-12-01 00:00:00;ilgalaikiu_bed_sk_datai;ŠALYJE;62281
2014-01-01 00:00:00;ilgalaikiu_bed_sk_datai;ŠALYJE;66277
2014-02-01 00:00:00;ilgalaikiu_bed_sk_datai;ŠALYJE;66978
2014-03-01 00:00:00;ilgalaikiu_bed_sk_datai;ŠALYJE;66849
2014-04-01 00:00:00;ilgalaikiu_bed_sk_datai;ŠALYJE;63211
2014-05-01 00:00:00;ilgalaikiu_bed_sk_datai;ŠALYJE;60584
2014-06-01 00:00:00;ilgalaikiu_bed_sk_datai;ŠALYJE;56554
2014-07-01 00:00:00;ilgalaikiu_bed_sk_datai;ŠALYJE;55180
2014-08-01 00:00:00;ilgalaikiu_bed_sk_datai;ŠALYJE;55696
2014-09-01 00:00:00;ilgalaikiu_bed_sk_datai;ŠALYJE;51581
2014-10-01 00:00:00;ilgalaikiu_bed_sk_datai;ŠALYJE;50141
2014-11-01 00:00:00;ilgalaikiu_bed_sk_datai;ŠALYJE;52021
2014-12-01 00:00:00;ilgalaikiu_bed_sk_datai;ŠALYJE;52932
2015-01-01 00:00:00;ilgalaikiu_bed_sk_datai;ŠALYJE;53178
2015-02-01 00:00:00;ilgalaikiu_bed_sk_datai;ŠALYJE;53012
2015-03-01 00:00:00;ilgalaikiu_bed_sk_datai;ŠALYJE;51283
2015-04-01 00:00:00;ilgalaikiu_bed_sk_datai;ŠALYJE;48186
2015-05-01 00:00:00;ilgalaikiu_bed_sk_datai;ŠALYJE;47324
2015-06-01 00:00:00;ilgalaikiu_bed_sk_datai;ŠALYJE;45523
2015-07-01 00:00:00;ilgalaikiu_bed_sk_datai;ŠALYJE;45181
2015-08-01 00:00:00;ilgalaikiu_bed_sk_datai;ŠALYJE;45012
2015-09-01 00:00:00;ilgalaikiu_bed_sk_datai;ŠALYJE;43002
2015-10-01 00:00:00;ilgalaikiu_bed_sk_datai;ŠALYJE;43399
2015-11-01 00:00:00;ilgalaikiu_bed_sk_datai;ŠALYJE;43065
2015-12-01 00:00:00;ilgalaikiu_bed_sk_datai;ŠALYJE;44695
2016-01-01 00:00:00;ilgalaikiu_bed_sk_datai;ŠALYJE;45920
2016-02-01 00:00:00;ilgalaikiu_bed_sk_datai;ŠALYJE;45959
2016-03-01 00:00:00;ilgalaikiu_bed_sk_datai;ŠALYJE;45666
2016-04-01 00:00:00;ilgalaikiu_bed_sk_datai;ŠALYJE;43411
2016-05-01 00:00:00;ilgalaikiu_bed_sk_datai;ŠALYJE;40190
2016-06-01 00:00:00;ilgalaikiu_bed_sk_datai;ŠALYJE;38188
2016-07-01 00:00:00;ilgalaikiu_bed_sk_datai;ŠALYJE;39289
2016-08-01 00:00:00;ilgalaikiu_bed_sk_datai;ŠALYJE;37432
2016-09-01 00:00:00;ilgalaikiu_bed_sk_datai;ŠALYJE;35558
2016-10-01 00:00:00;ilgalaikiu_bed_sk_datai;ŠALYJE;35355
2016-11-01 00:00:00;ilgalaikiu_bed_sk_datai;ŠALYJE;36096
2016-12-01 00:00:00;ilgalaikiu_bed_sk_datai;ŠALYJE;39064
2017-01-01 00:00:00;ilgalaikiu_bed_sk_datai;ŠALYJE;39772
2017-02-01 00:00:00;ilgalaikiu_bed_sk_datai;ŠALYJE;40467
2017-03-01 00:00:00;ilgalaikiu_bed_sk_datai;ŠALYJE;39605
2017-04-01 00:00:00;ilgalaikiu_bed_sk_datai;ŠALYJE;38152
2017-05-01 00:00:00;ilgalaikiu_bed_sk_datai;ŠALYJE;35438
2017-06-01 00:00:00;ilgalaikiu_bed_sk_datai;ŠALYJE;35857
2017-07-01 00:00:00;ilgalaikiu_bed_sk_datai;ŠALYJE;35898
2017-08-01 00:00:00;ilgalaikiu_bed_sk_datai;ŠALYJE;35153
2017-09-01 00:00:00;ilgalaikiu_bed_sk_datai;ŠALYJE;34825
2017-10-01 00:00:00;ilgalaikiu_bed_sk_datai;ŠALYJE;34239
2017-11-01 00:00:00;ilgalaikiu_bed_sk_datai;ŠALYJE;35106
2017-12-01 00:00:00;ilgalaikiu_bed_sk_datai;ŠALYJE;38477
2018-01-01 00:00:00;ilgalaikiu_bed_sk_datai;ŠALYJE;39319
2018-02-01 00:00:00;ilgalaikiu_bed_sk_datai;ŠALYJE;40352
2018-03-01 00:00:00;ilgalaikiu_bed_sk_datai;ŠALYJE;41601
2018-04-01 00:00:00;ilgalaikiu_bed_sk_datai;ŠALYJE;40404
2018-05-01 00:00:00;ilgalaikiu_bed_sk_datai;ŠALYJE;37904
2018-06-01 00:00:00;ilgalaikiu_bed_sk_datai;ŠALYJE;37956
2018-07-01 00:00:00;ilgalaikiu_bed_sk_datai;ŠALYJE;37534
2018-08-01 00:00:00;ilgalaikiu_bed_sk_datai;ŠALYJE;37472
2018-09-01 00:00:00;ilgalaikiu_bed_sk_datai;ŠALYJE;38291
2018-10-01 00:00:00;ilgalaikiu_bed_sk_datai;ŠALYJE;35842
2018-11-01 00:00:00;ilgalaikiu_bed_sk_datai;ŠALYJE;36421
2018-12-01 00:00:00;ilgalaikiu_bed_sk_datai;ŠALYJE;38625
2019-01-01 00:00:00;ilgalaikiu_bed_sk_datai;ŠALYJE;39965
2015-01-01 00:00:00;jaunų (16-29 m.) bedarbių proc.nuo DAG;ŠALYJE;6
2015-02-01 00:00:00;jaunų (16-29 m.) bedarbių proc.nuo DAG;ŠALYJE;5.9
2015-03-01 00:00:00;jaunų (16-29 m.) bedarbių proc.nuo DAG;ŠALYJE;5.4
2015-04-01 00:00:00;jaunų (16-29 m.) bedarbių proc.nuo DAG;ŠALYJE;4.8
2015-05-01 00:00:00;jaunų (16-29 m.) bedarbių proc.nuo DAG;ŠALYJE;4.7
2015-06-01 00:00:00;jaunų (16-29 m.) bedarbių proc.nuo DAG;ŠALYJE;5
2015-07-01 00:00:00;jaunų (16-29 m.) bedarbių proc.nuo DAG;ŠALYJE;5.4
2015-08-01 00:00:00;jaunų (16-29 m.) bedarbių proc.nuo DAG;ŠALYJE;5.2
2015-09-01 00:00:00;jaunų (16-29 m.) bedarbių proc.nuo DAG;ŠALYJE;5
2015-10-01 00:00:00;jaunų (16-29 m.) bedarbių proc.nuo DAG;ŠALYJE;5
2015-11-01 00:00:00;jaunų (16-29 m.) bedarbių proc.nuo DAG;ŠALYJE;5
2015-12-01 00:00:00;jaunų (16-29 m.) bedarbių proc.nuo DAG;ŠALYJE;5.3
2016-01-01 00:00:00;jaunų (16-29 m.) bedarbių proc.nuo DAG;ŠALYJE;5.7
2016-02-01 00:00:00;jaunų (16-29 m.) bedarbių proc.nuo DAG;ŠALYJE;5.5
2016-03-01 00:00:00;jaunų (16-29 m.) bedarbių proc.nuo DAG;ŠALYJE;5.1
2016-04-01 00:00:00;jaunų (16-29 m.) bedarbių proc.nuo DAG;ŠALYJE;4.6
2016-05-01 00:00:00;jaunų (16-29 m.) bedarbių proc.nuo DAG;ŠALYJE;4.2
2016-06-01 00:00:00;jaunų (16-29 m.) bedarbių proc.nuo DAG;ŠALYJE;4.2
2016-07-01 00:00:00;jaunų (16-29 m.) bedarbių proc.nuo DAG;ŠALYJE;4.7
2016-08-01 00:00:00;jaunų (16-29 m.) bedarbių proc.nuo DAG;ŠALYJE;4.7
2016-09-01 00:00:00;jaunų (16-29 m.) bedarbių proc.nuo DAG;ŠALYJE;4.4
2016-10-01 00:00:00;jaunų (16-29 m.) bedarbių proc.nuo DAG;ŠALYJE;4.2
2016-11-01 00:00:00;jaunų (16-29 m.) bedarbių proc.nuo DAG;ŠALYJE;4.3
2016-12-01 00:00:00;jaunų (16-29 m.) bedarbių proc.nuo DAG;ŠALYJE;4.7
2017-01-01 00:00:00;jaunų (16-29 m.) bedarbių proc.nuo DAG;ŠALYJE;4.9
2017-02-01 00:00:00;jaunų (16-29 m.) bedarbių proc.nuo DAG;ŠALYJE;5
2017-03-01 00:00:00;jaunų (16-29 m.) bedarbių proc.nuo DAG;ŠALYJE;4.5
2017-04-01 00:00:00;jaunų (16-29 m.) bedarbių proc.nuo DAG;ŠALYJE;4.1
2017-05-01 00:00:00;jaunų (16-29 m.) bedarbių proc.nuo DAG;ŠALYJE;3.8
2017-06-01 00:00:00;jaunų (16-29 m.) bedarbių proc.nuo DAG;ŠALYJE;3.7
2017-07-01 00:00:00;jaunų (16-29 m.) bedarbių proc.nuo DAG;ŠALYJE;4.3
2017-08-01 00:00:00;jaunų (16-29 m.) bedarbių proc.nuo DAG;ŠALYJE;4.4
2017-09-01 00:00:00;jaunų (16-29 m.) bedarbių proc.nuo DAG;ŠALYJE;4.3
2017-10-01 00:00:00;jaunų (16-29 m.) bedarbių proc.nuo DAG;ŠALYJE;4.3
2017-11-01 00:00:00;jaunų (16-29 m.) bedarbių proc.nuo DAG;ŠALYJE;4.4
2017-12-01 00:00:00;jaunų (16-29 m.) bedarbių proc.nuo DAG;ŠALYJE;4.8
2018-01-01 00:00:00;jaunų (16-29 m.) bedarbių proc.nuo DAG;ŠALYJE;5.2
2018-02-01 00:00:00;jaunų (16-29 m.) bedarbių proc.nuo DAG;ŠALYJE;5.3
2018-03-01 00:00:00;jaunų (16-29 m.) bedarbių proc.nuo DAG;ŠALYJE;5.2
2018-04-01 00:00:00;jaunų (16-29 m.) bedarbių proc.nuo DAG;ŠALYJE;4.7
2018-05-01 00:00:00;jaunų (16-29 m.) bedarbių proc.nuo DAG;ŠALYJE;4.7
2018-06-01 00:00:00;jaunų (16-29 m.) bedarbių proc.nuo DAG;ŠALYJE;4.8
2018-07-01 00:00:00;jaunų (16-29 m.) bedarbių proc.nuo DAG;ŠALYJE;5.2
2018-08-01 00:00:00;jaunų (16-29 m.) bedarbių proc.nuo DAG;ŠALYJE;5.2
2018-09-01 00:00:00;jaunų (16-29 m.) bedarbių proc.nuo DAG;ŠALYJE;5.3
2018-10-01 00:00:00;jaunų (16-29 m.) bedarbių proc.nuo DAG;ŠALYJE;5.1
2018-11-01 00:00:00;jaunų (16-29 m.) bedarbių proc.nuo DAG;ŠALYJE;5.2
2018-12-01 00:00:00;jaunų (16-29 m.) bedarbių proc.nuo DAG;ŠALYJE;5.6
2019-01-01 00:00:00;jaunų (16-29 m.) bedarbių proc.nuo DAG;ŠALYJE;5.9
2008-01-01 00:00:00;bedarbių moterų sk. laikotarpio pab.;ŠALYJE;44828
2008-02-01 00:00:00;bedarbių moterų sk. laikotarpio pab.;ŠALYJE;44710
2008-03-01 00:00:00;bedarbių moterų sk. laikotarpio pab.;ŠALYJE;43562
2008-04-01 00:00:00;bedarbių moterų sk. laikotarpio pab.;ŠALYJE;41142
2008-05-01 00:00:00;bedarbių moterų sk. laikotarpio pab.;ŠALYJE;39432
2008-06-01 00:00:00;bedarbių moterų sk. laikotarpio pab.;ŠALYJE;38623
2008-07-01 00:00:00;bedarbių moterų sk. laikotarpio pab.;ŠALYJE;40604
2008-08-01 00:00:00;bedarbių moterų sk. laikotarpio pab.;ŠALYJE;41752
2008-09-01 00:00:00;bedarbių moterų sk. laikotarpio pab.;ŠALYJE;37476
2008-10-01 00:00:00;bedarbių moterų sk. laikotarpio pab.;ŠALYJE;37970
2008-11-01 00:00:00;bedarbių moterų sk. laikotarpio pab.;ŠALYJE;40540
2008-12-01 00:00:00;bedarbių moterų sk. laikotarpio pab.;ŠALYJE;45940
2009-01-01 00:00:00;bedarbių moterų sk. laikotarpio pab.;ŠALYJE;56678
2009-02-01 00:00:00;bedarbių moterų sk. laikotarpio pab.;ŠALYJE;66086
2009-03-01 00:00:00;bedarbių moterų sk. laikotarpio pab.;ŠALYJE;73954
2009-04-01 00:00:00;bedarbių moterų sk. laikotarpio pab.;ŠALYJE;77463
2009-05-01 00:00:00;bedarbių moterų sk. laikotarpio pab.;ŠALYJE;80500
2009-06-01 00:00:00;bedarbių moterų sk. laikotarpio pab.;ŠALYJE;83237
2009-07-01 00:00:00;bedarbių moterų sk. laikotarpio pab.;ŠALYJE;88989
2009-08-01 00:00:00;bedarbių moterų sk. laikotarpio pab.;ŠALYJE;93514
2009-09-01 00:00:00;bedarbių moterų sk. laikotarpio pab.;ŠALYJE;96111
2009-10-01 00:00:00;bedarbių moterų sk. laikotarpio pab.;ŠALYJE;101628
2009-11-01 00:00:00;bedarbių moterų sk. laikotarpio pab.;ŠALYJE;107356
2009-12-01 00:00:00;bedarbių moterų sk. laikotarpio pab.;ŠALYJE;113424
2010-01-01 00:00:00;bedarbių moterų sk. laikotarpio pab.;ŠALYJE;120752
2010-02-01 00:00:00;bedarbių moterų sk. laikotarpio pab.;ŠALYJE;125550
2010-03-01 00:00:00;bedarbių moterų sk. laikotarpio pab.;ŠALYJE;129088
2010-04-01 00:00:00;bedarbių moterų sk. laikotarpio pab.;ŠALYJE;136582
2010-05-01 00:00:00;bedarbių moterų sk. laikotarpio pab.;ŠALYJE;137711
2010-06-01 00:00:00;bedarbių moterų sk. laikotarpio pab.;ŠALYJE;139868
2010-07-01 00:00:00;bedarbių moterų sk. laikotarpio pab.;ŠALYJE;144878
2010-08-01 00:00:00;bedarbių moterų sk. laikotarpio pab.;ŠALYJE;142825
2010-09-01 00:00:00;bedarbių moterų sk. laikotarpio pab.;ŠALYJE;139451
2010-10-01 00:00:00;bedarbių moterų sk. laikotarpio pab.;ŠALYJE;139038
2010-11-01 00:00:00;bedarbių moterų sk. laikotarpio pab.;ŠALYJE;136767
2010-12-01 00:00:00;bedarbių moterų sk. laikotarpio pab.;ŠALYJE;139062
2011-01-01 00:00:00;bedarbių moterų sk. laikotarpio pab.;ŠALYJE;138539
2011-02-01 00:00:00;bedarbių moterų sk. laikotarpio pab.;ŠALYJE;136133
2011-03-01 00:00:00;bedarbių moterų sk. laikotarpio pab.;ŠALYJE;131396
2011-04-01 00:00:00;bedarbių moterų sk. laikotarpio pab.;ŠALYJE;121881
2011-05-01 00:00:00;bedarbių moterų sk. laikotarpio pab.;ŠALYJE;114697
2011-06-01 00:00:00;bedarbių moterų sk. laikotarpio pab.;ŠALYJE;110620
2011-07-01 00:00:00;bedarbių moterų sk. laikotarpio pab.;ŠALYJE;113459
2011-08-01 00:00:00;bedarbių moterų sk. laikotarpio pab.;ŠALYJE;111694
2011-09-01 00:00:00;bedarbių moterų sk. laikotarpio pab.;ŠALYJE;107485
2011-10-01 00:00:00;bedarbių moterų sk. laikotarpio pab.;ŠALYJE;106805
2011-11-01 00:00:00;bedarbių moterų sk. laikotarpio pab.;ŠALYJE;106217
2011-12-01 00:00:00;bedarbių moterų sk. laikotarpio pab.;ŠALYJE;109567
2012-01-01 00:00:00;bedarbių moterų sk. laikotarpio pab.;ŠALYJE;112310
2012-02-01 00:00:00;bedarbių moterų sk. laikotarpio pab.;ŠALYJE;112389
2012-03-01 00:00:00;bedarbių moterų sk. laikotarpio pab.;ŠALYJE;111890
2012-04-01 00:00:00;bedarbių moterų sk. laikotarpio pab.;ŠALYJE;106990
2012-05-01 00:00:00;bedarbių moterų sk. laikotarpio pab.;ŠALYJE;100657
2012-06-01 00:00:00;bedarbių moterų sk. laikotarpio pab.;ŠALYJE;100542
2012-07-01 00:00:00;bedarbių moterų sk. laikotarpio pab.;ŠALYJE;102547
2012-08-01 00:00:00;bedarbių moterų sk. laikotarpio pab.;ŠALYJE;102259
2012-09-01 00:00:00;bedarbių moterų sk. laikotarpio pab.;ŠALYJE;100146
2012-10-01 00:00:00;bedarbių moterų sk. laikotarpio pab.;ŠALYJE;97392
2012-11-01 00:00:00;bedarbių moterų sk. laikotarpio pab.;ŠALYJE;99324
2012-12-01 00:00:00;bedarbių moterų sk. laikotarpio pab.;ŠALYJE;99822
2013-01-01 00:00:00;bedarbių moterų sk. laikotarpio pab.;ŠALYJE;105575
2013-02-01 00:00:00;bedarbių moterų sk. laikotarpio pab.;ŠALYJE;105699
2013-03-01 00:00:00;bedarbių moterų sk. laikotarpio pab.;ŠALYJE;105824
2013-04-01 00:00:00;bedarbių moterų sk. laikotarpio pab.;ŠALYJE;99206
2013-05-01 00:00:00;bedarbių moterų sk. laikotarpio pab.;ŠALYJE;92545
2013-06-01 00:00:00;bedarbių moterų sk. laikotarpio pab.;ŠALYJE;92594
2013-07-01 00:00:00;bedarbių moterų sk. laikotarpio pab.;ŠALYJE;94333
2013-08-01 00:00:00;bedarbių moterų sk. laikotarpio pab.;ŠALYJE;96678
2013-09-01 00:00:00;bedarbių moterų sk. laikotarpio pab.;ŠALYJE;92525
2013-10-01 00:00:00;bedarbių moterų sk. laikotarpio pab.;ŠALYJE;91899
2013-11-01 00:00:00;bedarbių moterų sk. laikotarpio pab.;ŠALYJE;95556
2013-12-01 00:00:00;bedarbių moterų sk. laikotarpio pab.;ŠALYJE;98243
2014-01-01 00:00:00;bedarbių moterų sk. laikotarpio pab.;ŠALYJE;99275
2014-02-01 00:00:00;bedarbių moterų sk. laikotarpio pab.;ŠALYJE;97760
2014-03-01 00:00:00;bedarbių moterų sk. laikotarpio pab.;ŠALYJE;94287
2014-04-01 00:00:00;bedarbių moterų sk. laikotarpio pab.;ŠALYJE;86844
2014-05-01 00:00:00;bedarbių moterų sk. laikotarpio pab.;ŠALYJE;82554
2014-06-01 00:00:00;bedarbių moterų sk. laikotarpio pab.;ŠALYJE;79345
2014-07-01 00:00:00;bedarbių moterų sk. laikotarpio pab.;ŠALYJE;82088
2014-08-01 00:00:00;bedarbių moterų sk. laikotarpio pab.;ŠALYJE;83647
2014-09-01 00:00:00;bedarbių moterų sk. laikotarpio pab.;ŠALYJE;78788
2014-10-01 00:00:00;bedarbių moterų sk. laikotarpio pab.;ŠALYJE;77516
2014-11-01 00:00:00;bedarbių moterų sk. laikotarpio pab.;ŠALYJE;80295
2014-12-01 00:00:00;bedarbių moterų sk. laikotarpio pab.;ŠALYJE;82155
2015-01-01 00:00:00;bedarbių moterų sk. laikotarpio pab.;ŠALYJE;82774
2015-02-01 00:00:00;bedarbių moterų sk. laikotarpio pab.;ŠALYJE;82054
2015-03-01 00:00:00;bedarbių moterų sk. laikotarpio pab.;ŠALYJE;79818
2015-04-01 00:00:00;bedarbių moterų sk. laikotarpio pab.;ŠALYJE;76245
2015-05-01 00:00:00;bedarbių moterų sk. laikotarpio pab.;ŠALYJE;75703
2015-06-01 00:00:00;bedarbių moterų sk. laikotarpio pab.;ŠALYJE;75681
2015-07-01 00:00:00;bedarbių moterų sk. laikotarpio pab.;ŠALYJE;77847
2015-08-01 00:00:00;bedarbių moterų sk. laikotarpio pab.;ŠALYJE;77885
2015-09-01 00:00:00;bedarbių moterų sk. laikotarpio pab.;ŠALYJE;73961
2015-10-01 00:00:00;bedarbių moterų sk. laikotarpio pab.;ŠALYJE;74461
2015-11-01 00:00:00;bedarbių moterų sk. laikotarpio pab.;ŠALYJE;74542
2015-12-01 00:00:00;bedarbių moterų sk. laikotarpio pab.;ŠALYJE;77625
2016-01-01 00:00:00;bedarbių moterų sk. laikotarpio pab.;ŠALYJE;79000
2016-02-01 00:00:00;bedarbių moterų sk. laikotarpio pab.;ŠALYJE;77923
2016-03-01 00:00:00;bedarbių moterų sk. laikotarpio pab.;ŠALYJE;74961
2016-04-01 00:00:00;bedarbių moterų sk. laikotarpio pab.;ŠALYJE;71046
2016-05-01 00:00:00;bedarbių moterų sk. laikotarpio pab.;ŠALYJE;66316
2016-06-01 00:00:00;bedarbių moterų sk. laikotarpio pab.;ŠALYJE;65914
2016-07-01 00:00:00;bedarbių moterų sk. laikotarpio pab.;ŠALYJE;69458
2016-08-01 00:00:00;bedarbių moterų sk. laikotarpio pab.;ŠALYJE;68598
2016-09-01 00:00:00;bedarbių moterų sk. laikotarpio pab.;ŠALYJE;64798
2016-10-01 00:00:00;bedarbių moterų sk. laikotarpio pab.;ŠALYJE;65124
2016-11-01 00:00:00;bedarbių moterų sk. laikotarpio pab.;ŠALYJE;66365
2016-12-01 00:00:00;bedarbių moterų sk. laikotarpio pab.;ŠALYJE;71688
2017-01-01 00:00:00;bedarbių moterų sk. laikotarpio pab.;ŠALYJE;71957
2017-02-01 00:00:00;bedarbių moterų sk. laikotarpio pab.;ŠALYJE;72129
2017-03-01 00:00:00;bedarbių moterų sk. laikotarpio pab.;ŠALYJE;69318
2017-04-01 00:00:00;bedarbių moterų sk. laikotarpio pab.;ŠALYJE;67140
2017-05-01 00:00:00;bedarbių moterų sk. laikotarpio pab.;ŠALYJE;62440
2017-06-01 00:00:00;bedarbių moterų sk. laikotarpio pab.;ŠALYJE;62822
2017-07-01 00:00:00;bedarbių moterų sk. laikotarpio pab.;ŠALYJE;65944
2017-08-01 00:00:00;bedarbių moterų sk. laikotarpio pab.;ŠALYJE;65814
2017-09-01 00:00:00;bedarbių moterų sk. laikotarpio pab.;ŠALYJE;64305
2017-10-01 00:00:00;bedarbių moterų sk. laikotarpio pab.;ŠALYJE;64620
2017-11-01 00:00:00;bedarbių moterų sk. laikotarpio pab.;ŠALYJE;65984
2017-12-01 00:00:00;bedarbių moterų sk. laikotarpio pab.;ŠALYJE;72463
2018-01-01 00:00:00;bedarbių moterų sk. laikotarpio pab.;ŠALYJE;74427
2018-02-01 00:00:00;bedarbių moterų sk. laikotarpio pab.;ŠALYJE;75318
2018-03-01 00:00:00;bedarbių moterų sk. laikotarpio pab.;ŠALYJE;75603
2018-04-01 00:00:00;bedarbių moterų sk. laikotarpio pab.;ŠALYJE;73078
2018-05-01 00:00:00;bedarbių moterų sk. laikotarpio pab.;ŠALYJE;69224
2018-06-01 00:00:00;bedarbių moterų sk. laikotarpio pab.;ŠALYJE;70936
2018-07-01 00:00:00;bedarbių moterų sk. laikotarpio pab.;ŠALYJE;72565
2018-08-01 00:00:00;bedarbių moterų sk. laikotarpio pab.;ŠALYJE;72548
2018-09-01 00:00:00;bedarbių moterų sk. laikotarpio pab.;ŠALYJE;72634
2018-10-01 00:00:00;bedarbių moterų sk. laikotarpio pab.;ŠALYJE;70190
2018-11-01 00:00:00;bedarbių moterų sk. laikotarpio pab.;ŠALYJE;71395
2018-12-01 00:00:00;bedarbių moterų sk. laikotarpio pab.;ŠALYJE;75216
2019-01-01 00:00:00;bedarbių moterų sk. laikotarpio pab.;ŠALYJE;76324
2014-06-01 00:00:00;bedarbių moterų proc. nuo DA moterų;ŠALYJE;8.7
2014-07-01 00:00:00;bedarbių moterų proc. nuo DA moterų;ŠALYJE;9
2014-08-01 00:00:00;bedarbių moterų proc. nuo DA moterų;ŠALYJE;9.1
2014-09-01 00:00:00;bedarbių moterų proc. nuo DA moterų;ŠALYJE;8.6
2014-10-01 00:00:00;bedarbių moterų proc. nuo DA moterų;ŠALYJE;8.5
2014-11-01 00:00:00;bedarbių moterų proc. nuo DA moterų;ŠALYJE;8.8
2014-12-01 00:00:00;bedarbių moterų proc. nuo DA moterų;ŠALYJE;9
2015-01-01 00:00:00;bedarbių moterų proc. nuo DA moterų;ŠALYJE;9
2015-02-01 00:00:00;bedarbių moterų proc. nuo DA moterų;ŠALYJE;9
2015-03-01 00:00:00;bedarbių moterų proc. nuo DA moterų;ŠALYJE;8.7
2015-04-01 00:00:00;bedarbių moterų proc. nuo DA moterų;ŠALYJE;8.3
2015-05-01 00:00:00;bedarbių moterų proc. nuo DA moterų;ŠALYJE;8.3
2015-06-01 00:00:00;bedarbių moterų proc. nuo DA moterų;ŠALYJE;8.3
2015-07-01 00:00:00;bedarbių moterų proc. nuo DA moterų;ŠALYJE;8.5
2015-08-01 00:00:00;bedarbių moterų proc. nuo DA moterų;ŠALYJE;8.5
2015-09-01 00:00:00;bedarbių moterų proc. nuo DA moterų;ŠALYJE;8.1
2015-10-01 00:00:00;bedarbių moterų proc. nuo DA moterų;ŠALYJE;8.2
2015-11-01 00:00:00;bedarbių moterų proc. nuo DA moterų;ŠALYJE;8.2
2015-12-01 00:00:00;bedarbių moterų proc. nuo DA moterų;ŠALYJE;8.5
2016-01-01 00:00:00;bedarbių moterų proc. nuo DA moterų;ŠALYJE;8.7
2016-02-01 00:00:00;bedarbių moterų proc. nuo DA moterų;ŠALYJE;8.6
2016-03-01 00:00:00;bedarbių moterų proc. nuo DA moterų;ŠALYJE;8.2
2016-04-01 00:00:00;bedarbių moterų proc. nuo DA moterų;ŠALYJE;7.8
2016-05-01 00:00:00;bedarbių moterų proc. nuo DA moterų;ŠALYJE;7.3
2016-06-01 00:00:00;bedarbių moterų proc. nuo DA moterų;ŠALYJE;7.3
2016-07-01 00:00:00;bedarbių moterų proc. nuo DA moterų;ŠALYJE;7.7
2016-08-01 00:00:00;bedarbių moterų proc. nuo DA moterų;ŠALYJE;7.6
2016-09-01 00:00:00;bedarbių moterų proc. nuo DA moterų;ŠALYJE;7.2
2016-10-01 00:00:00;bedarbių moterų proc. nuo DA moterų;ŠALYJE;7.2
2016-11-01 00:00:00;bedarbių moterų proc. nuo DA moterų;ŠALYJE;7.3
2016-12-01 00:00:00;bedarbių moterų proc. nuo DA moterų;ŠALYJE;7.9
2017-01-01 00:00:00;bedarbių moterų proc. nuo DA moterų;ŠALYJE;8
2017-02-01 00:00:00;bedarbių moterų proc. nuo DA moterų;ŠALYJE;8
2017-03-01 00:00:00;bedarbių moterų proc. nuo DA moterų;ŠALYJE;7.7
2017-04-01 00:00:00;bedarbių moterų proc. nuo DA moterų;ŠALYJE;7.4
2017-05-01 00:00:00;bedarbių moterų proc. nuo DA moterų;ŠALYJE;7
2017-06-01 00:00:00;bedarbių moterų proc. nuo DA moterų;ŠALYJE;7.1
2017-07-01 00:00:00;bedarbių moterų proc. nuo DA moterų;ŠALYJE;7.4
2017-08-01 00:00:00;bedarbių moterų proc. nuo DA moterų;ŠALYJE;7.4
2017-09-01 00:00:00;bedarbių moterų proc. nuo DA moterų;ŠALYJE;7.2
2017-10-01 00:00:00;bedarbių moterų proc. nuo DA moterų;ŠALYJE;7.3
2017-11-01 00:00:00;bedarbių moterų proc. nuo DA moterų;ŠALYJE;7.4
2017-12-01 00:00:00;bedarbių moterų proc. nuo DA moterų;ŠALYJE;8.2
2018-01-01 00:00:00;bedarbių moterų proc. nuo DA moterų;ŠALYJE;8.4
2018-02-01 00:00:00;bedarbių moterų proc. nuo DA moterų;ŠALYJE;8.5
2018-03-01 00:00:00;bedarbių moterų proc. nuo DA moterų;ŠALYJE;8.5
2018-04-01 00:00:00;bedarbių moterų proc. nuo DA moterų;ŠALYJE;8.2
2018-05-01 00:00:00;bedarbių moterų proc. nuo DA moterų;ŠALYJE;8
2018-06-01 00:00:00;bedarbių moterų proc. nuo DA moterų;ŠALYJE;8.2
2018-07-01 00:00:00;bedarbių moterų proc. nuo DA moterų;ŠALYJE;8.3
2018-08-01 00:00:00;bedarbių moterų proc. nuo DA moterų;ŠALYJE;8.3
2018-09-01 00:00:00;bedarbių moterų proc. nuo DA moterų;ŠALYJE;8.4
2018-10-01 00:00:00;bedarbių moterų proc. nuo DA moterų;ŠALYJE;8.1
2018-11-01 00:00:00;bedarbių moterų proc. nuo DA moterų;ŠALYJE;8.2
2018-12-01 00:00:00;bedarbių moterų proc. nuo DA moterų;ŠALYJE;8.6
2019-01-01 00:00:00;bedarbių moterų proc. nuo DA moterų;ŠALYJE;8.8
